match_id,date_match,status,season_id,season_winner,home_team_id,home_team,away_team_id,away_team,winner,home_goals,away_goals
445409,2023-08-11T19:15:00Z,FINISHED,1603,,5613,Sporting Clube de Braga,5531,FC Famalicão,FC Famalicão,1,2
445407,2023-08-12T14:30:00Z,FINISHED,1603,,5533,Gil Vicente FC,5601,Portimonense SC,Gil Vicente FC,5,0
445408,2023-08-12T17:00:00Z,FINISHED,1603,,5602,SC Farense,6618,Casa Pia AC,Casa Pia AC,0,3
445410,2023-08-12T19:30:00Z,FINISHED,1603,,498,Sporting Clube de Portugal,5589,FC Vizela,Sporting Clube de Portugal,3,2
445406,2023-08-13T14:30:00Z,FINISHED,1603,,496,Rio Ave FC,1103,GD Chaves,Rio Ave FC,2,0
445403,2023-08-13T17:00:00Z,FINISHED,1603,,9136,CF Estrela da Amadora,5543,Vitória SC,Vitória SC,0,1
445404,2023-08-13T19:30:00Z,FINISHED,1603,,712,FC Arouca,582,GD Estoril Praia,FC Arouca,4,3
445405,2023-08-14T17:45:00Z,FINISHED,1603,,583,Moreirense FC,503,FC Porto,FC Porto,1,2
445402,2023-08-14T19:45:00Z,FINISHED,1603,,810,Boavista FC,1903,Sport Lisboa e Benfica,Boavista FC,3,2
445412,2023-08-18T19:15:00Z,FINISHED,1603,,6618,Casa Pia AC,498,Sporting Clube de Portugal,Sporting Clube de Portugal,1,2
445419,2023-08-19T14:30:00Z,FINISHED,1603,,5543,Vitória SC,5533,Gil Vicente FC,Vitória SC,2,1
445416,2023-08-19T17:00:00Z,FINISHED,1603,,1103,GD Chaves,5613,Sporting Clube de Braga,Sporting Clube de Braga,2,4
445411,2023-08-19T19:30:00Z,FINISHED,1603,,1903,Sport Lisboa e Benfica,9136,CF Estrela da Amadora,Sport Lisboa e Benfica,2,0
445418,2023-08-19T19:30:00Z,FINISHED,1603,,5601,Portimonense SC,810,Boavista FC,Boavista FC,1,4
445417,2023-08-20T14:30:00Z,FINISHED,1603,,582,GD Estoril Praia,496,Rio Ave FC,GD Estoril Praia,2,0
445414,2023-08-20T17:00:00Z,FINISHED,1603,,503,FC Porto,5602,SC Farense,FC Porto,2,1
445415,2023-08-20T19:30:00Z,FINISHED,1603,,5589,FC Vizela,712,FC Arouca,Draw,2,2
445413,2023-08-21T19:15:00Z,FINISHED,1603,,5531,FC Famalicão,583,Moreirense FC,Draw,0,0
445421,2023-08-25T19:15:00Z,FINISHED,1603,,9136,CF Estrela da Amadora,582,GD Estoril Praia,CF Estrela da Amadora,2,1
445422,2023-08-26T14:30:00Z,FINISHED,1603,,712,FC Arouca,5601,Portimonense SC,Draw,1,1
445426,2023-08-26T17:00:00Z,FINISHED,1603,,5602,SC Farense,1103,GD Chaves,SC Farense,5,0
445425,2023-08-26T19:30:00Z,FINISHED,1603,,5533,Gil Vicente FC,1903,Sport Lisboa e Benfica,Sport Lisboa e Benfica,2,3
445420,2023-08-27T14:30:00Z,FINISHED,1603,,810,Boavista FC,6618,Casa Pia AC,Draw,1,1
445428,2023-08-27T17:00:00Z,FINISHED,1603,,5543,Vitória SC,5589,FC Vizela,Vitória SC,2,0
445427,2023-08-27T19:30:00Z,FINISHED,1603,,498,Sporting Clube de Portugal,5531,FC Famalicão,Sporting Clube de Portugal,1,0
445424,2023-08-28T19:15:00Z,FINISHED,1603,,496,Rio Ave FC,503,FC Porto,FC Porto,1,2
445433,2023-09-01T19:15:00Z,FINISHED,1603,,5589,FC Vizela,5533,Gil Vicente FC,FC Vizela,1,0
445430,2023-09-02T14:30:00Z,FINISHED,1603,,6618,Casa Pia AC,496,Rio Ave FC,Draw,1,1
445431,2023-09-02T17:00:00Z,FINISHED,1603,,5531,FC Famalicão,5602,SC Farense,FC Famalicão,1,0
445436,2023-09-02T17:00:00Z,FINISHED,1603,,5601,Portimonense SC,9136,CF Estrela da Amadora,Draw,1,1
445429,2023-09-02T19:30:00Z,FINISHED,1603,,1903,Sport Lisboa e Benfica,5543,Vitória SC,Sport Lisboa e Benfica,4,0
445434,2023-09-03T14:30:00Z,FINISHED,1603,,1103,GD Chaves,583,Moreirense FC,Moreirense FC,1,2
445435,2023-09-03T14:30:00Z,FINISHED,1603,,582,GD Estoril Praia,810,Boavista FC,Boavista FC,1,2
445432,2023-09-03T17:00:00Z,FINISHED,1603,,503,FC Porto,712,FC Arouca,Draw,1,1
445437,2023-09-03T19:30:00Z,FINISHED,1603,,5613,Sporting Clube de Braga,498,Sporting Clube de Portugal,Draw,1,1
445423,2023-09-09T17:00:00Z,FINISHED,1603,,583,Moreirense FC,5613,Sporting Clube de Braga,Sporting Clube de Braga,2,3
445439,2023-09-15T18:15:00Z,FINISHED,1603,,9136,CF Estrela da Amadora,503,FC Porto,FC Porto,0,1
445441,2023-09-16T14:30:00Z,FINISHED,1603,,496,Rio Ave FC,5531,FC Famalicão,Draw,1,1
445444,2023-09-16T17:00:00Z,FINISHED,1603,,5602,SC Farense,5613,Sporting Clube de Braga,SC Farense,3,1
445442,2023-09-16T19:30:00Z,FINISHED,1603,,5589,FC Vizela,1903,Sport Lisboa e Benfica,Sport Lisboa e Benfica,1,2
445440,2023-09-17T14:30:00Z,FINISHED,1603,,712,FC Arouca,6618,Casa Pia AC,Casa Pia AC,0,1
445443,2023-09-17T14:30:00Z,FINISHED,1603,,5533,Gil Vicente FC,582,GD Estoril Praia,Gil Vicente FC,5,3
445446,2023-09-17T17:00:00Z,FINISHED,1603,,5543,Vitória SC,5601,Portimonense SC,Portimonense SC,1,2
445445,2023-09-17T19:30:00Z,FINISHED,1603,,498,Sporting Clube de Portugal,583,Moreirense FC,Sporting Clube de Portugal,3,0
445438,2023-09-18T19:15:00Z,FINISHED,1603,,810,Boavista FC,1103,GD Chaves,Boavista FC,4,1
445448,2023-09-22T19:15:00Z,FINISHED,1603,,5531,FC Famalicão,712,FC Arouca,FC Famalicão,1,0
445449,2023-09-23T14:30:00Z,FINISHED,1603,,583,Moreirense FC,5602,SC Farense,Moreirense FC,1,0
445452,2023-09-23T14:30:00Z,FINISHED,1603,,582,GD Estoril Praia,5589,FC Vizela,Draw,2,2
445447,2023-09-23T17:00:00Z,FINISHED,1603,,6618,Casa Pia AC,5543,Vitória SC,Draw,0,0
445450,2023-09-23T19:30:00Z,FINISHED,1603,,503,FC Porto,5533,Gil Vicente FC,FC Porto,2,1
445451,2023-09-24T14:30:00Z,FINISHED,1603,,1103,GD Chaves,9136,CF Estrela da Amadora,Draw,2,2
445453,2023-09-24T17:00:00Z,FINISHED,1603,,5601,Portimonense SC,1903,Sport Lisboa e Benfica,Sport Lisboa e Benfica,1,3
445454,2023-09-24T19:30:00Z,FINISHED,1603,,5613,Sporting Clube de Braga,810,Boavista FC,Sporting Clube de Braga,4,1
445455,2023-09-25T19:15:00Z,FINISHED,1603,,498,Sporting Clube de Portugal,496,Rio Ave FC,Sporting Clube de Portugal,2,0
445458,2023-09-28T19:15:00Z,FINISHED,1603,,9136,CF Estrela da Amadora,5613,Sporting Clube de Braga,Sporting Clube de Braga,2,4
445456,2023-09-29T19:15:00Z,FINISHED,1603,,1903,Sport Lisboa e Benfica,503,FC Porto,Sport Lisboa e Benfica,1,0
445461,2023-09-30T14:30:00Z,FINISHED,1603,,5589,FC Vizela,5601,Portimonense SC,Portimonense SC,2,3
445457,2023-09-30T17:00:00Z,FINISHED,1603,,810,Boavista FC,5531,FC Famalicão,Draw,2,2
445463,2023-09-30T19:30:00Z,FINISHED,1603,,5602,SC Farense,498,Sporting Clube de Portugal,Sporting Clube de Portugal,2,3
445459,2023-10-01T14:30:00Z,FINISHED,1603,,712,FC Arouca,1103,GD Chaves,GD Chaves,0,2
445464,2023-10-01T17:00:00Z,FINISHED,1603,,5543,Vitória SC,582,GD Estoril Praia,Vitória SC,3,2
445460,2023-10-01T19:30:00Z,FINISHED,1603,,496,Rio Ave FC,583,Moreirense FC,Moreirense FC,0,4
445462,2023-10-02T19:15:00Z,FINISHED,1603,,5533,Gil Vicente FC,6618,Casa Pia AC,Gil Vicente FC,2,0
445467,2023-10-06T19:15:00Z,FINISHED,1603,,583,Moreirense FC,810,Boavista FC,Draw,1,1
445469,2023-10-07T14:30:00Z,FINISHED,1603,,1103,GD Chaves,5533,Gil Vicente FC,GD Chaves,4,2
445471,2023-10-07T14:30:00Z,FINISHED,1603,,5602,SC Farense,5589,FC Vizela,Draw,0,0
445472,2023-10-07T17:00:00Z,FINISHED,1603,,5613,Sporting Clube de Braga,496,Rio Ave FC,Sporting Clube de Braga,2,1
445470,2023-10-07T19:30:00Z,FINISHED,1603,,582,GD Estoril Praia,1903,Sport Lisboa e Benfica,Sport Lisboa e Benfica,0,1
445465,2023-10-08T14:30:00Z,FINISHED,1603,,6618,Casa Pia AC,9136,CF Estrela da Amadora,CF Estrela da Amadora,0,1
445466,2023-10-08T14:30:00Z,FINISHED,1603,,5531,FC Famalicão,5543,Vitória SC,Vitória SC,1,3
445468,2023-10-08T17:00:00Z,FINISHED,1603,,503,FC Porto,5601,Portimonense SC,FC Porto,1,0
445473,2023-10-08T19:30:00Z,FINISHED,1603,,498,Sporting Clube de Portugal,712,FC Arouca,Sporting Clube de Portugal,2,1
445477,2023-10-27T19:15:00Z,FINISHED,1603,,712,FC Arouca,583,Moreirense FC,Moreirense FC,0,1
445481,2023-10-28T14:30:00Z,FINISHED,1603,,5601,Portimonense SC,582,GD Estoril Praia,Portimonense SC,1,0
445474,2023-10-28T17:00:00Z,FINISHED,1603,,1903,Sport Lisboa e Benfica,6618,Casa Pia AC,Draw,1,1
445482,2023-10-28T17:00:00Z,FINISHED,1603,,5543,Vitória SC,1103,GD Chaves,Vitória SC,5,0
445480,2023-10-28T19:30:00Z,FINISHED,1603,,5533,Gil Vicente FC,5613,Sporting Clube de Braga,Draw,3,3
445478,2023-10-29T15:30:00Z,FINISHED,1603,,496,Rio Ave FC,5602,SC Farense,SC Farense,3,4
445476,2023-10-29T18:00:00Z,FINISHED,1603,,9136,CF Estrela da Amadora,5531,FC Famalicão,CF Estrela da Amadora,1,0
445479,2023-10-29T20:30:00Z,FINISHED,1603,,5589,FC Vizela,503,FC Porto,FC Porto,0,2
445475,2023-10-30T20:15:00Z,FINISHED,1603,,810,Boavista FC,498,Sporting Clube de Portugal,Sporting Clube de Portugal,0,2
445486,2023-11-03T20:15:00Z,FINISHED,1603,,503,FC Porto,582,GD Estoril Praia,GD Estoril Praia,0,1
445488,2023-11-04T15:30:00Z,FINISHED,1603,,1103,GD Chaves,1903,Sport Lisboa e Benfica,Sport Lisboa e Benfica,0,2
445484,2023-11-04T18:00:00Z,FINISHED,1603,,5531,FC Famalicão,5533,Gil Vicente FC,FC Famalicão,3,1
445490,2023-11-04T20:30:00Z,FINISHED,1603,,5613,Sporting Clube de Braga,5601,Portimonense SC,Sporting Clube de Braga,6,1
445483,2023-11-05T15:30:00Z,FINISHED,1603,,6618,Casa Pia AC,5589,FC Vizela,FC Vizela,0,1
445485,2023-11-05T15:30:00Z,FINISHED,1603,,583,Moreirense FC,5543,Vitória SC,Moreirense FC,1,0
445487,2023-11-05T18:00:00Z,FINISHED,1603,,496,Rio Ave FC,810,Boavista FC,Rio Ave FC,2,0
445491,2023-11-05T20:30:00Z,FINISHED,1603,,498,Sporting Clube de Portugal,9136,CF Estrela da Amadora,Sporting Clube de Portugal,3,2
445489,2023-11-06T20:15:00Z,FINISHED,1603,,5602,SC Farense,712,FC Arouca,SC Farense,2,0
445497,2023-11-10T20:15:00Z,FINISHED,1603,,582,GD Estoril Praia,6618,Casa Pia AC,GD Estoril Praia,4,0
445499,2023-11-11T15:30:00Z,FINISHED,1603,,5601,Portimonense SC,1103,GD Chaves,Portimonense SC,2,1
445494,2023-11-11T18:00:00Z,FINISHED,1603,,9136,CF Estrela da Amadora,583,Moreirense FC,Moreirense FC,0,1
445496,2023-11-11T18:00:00Z,FINISHED,1603,,5589,FC Vizela,5531,FC Famalicão,Draw,0,0
445500,2023-11-11T20:30:00Z,FINISHED,1603,,5543,Vitória SC,503,FC Porto,FC Porto,1,2
445493,2023-11-12T15:30:00Z,FINISHED,1603,,810,Boavista FC,5602,SC Farense,SC Farense,1,3
445498,2023-11-12T15:30:00Z,FINISHED,1603,,5533,Gil Vicente FC,496,Rio Ave FC,Draw,1,1
445495,2023-11-12T18:00:00Z,FINISHED,1603,,712,FC Arouca,5613,Sporting Clube de Braga,Sporting Clube de Braga,0,1
445492,2023-11-12T20:30:00Z,FINISHED,1603,,1903,Sport Lisboa e Benfica,498,Sporting Clube de Portugal,Sport Lisboa e Benfica,2,1
445506,2023-12-01T20:30:00Z,FINISHED,1603,,1103,GD Chaves,5589,FC Vizela,GD Chaves,2,1
445505,2023-12-02T15:30:00Z,FINISHED,1603,,496,Rio Ave FC,9136,CF Estrela da Amadora,Draw,1,1
445507,2023-12-02T15:30:00Z,FINISHED,1603,,5602,SC Farense,5543,Vitória SC,Vitória SC,1,2
445503,2023-12-02T18:00:00Z,FINISHED,1603,,5531,FC Famalicão,503,FC Porto,FC Porto,0,3
445502,2023-12-02T20:30:00Z,FINISHED,1603,,6618,Casa Pia AC,5601,Portimonense SC,Casa Pia AC,1,0
445508,2023-12-03T15:30:00Z,FINISHED,1603,,5613,Sporting Clube de Braga,582,GD Estoril Praia,Sporting Clube de Braga,3,1
445504,2023-12-03T18:00:00Z,FINISHED,1603,,583,Moreirense FC,1903,Sport Lisboa e Benfica,Draw,0,0
445501,2023-12-03T20:30:00Z,FINISHED,1603,,810,Boavista FC,712,FC Arouca,FC Arouca,0,4
445509,2023-12-04T20:15:00Z,FINISHED,1603,,498,Sporting Clube de Portugal,5533,Gil Vicente FC,Sporting Clube de Portugal,3,1
445514,2023-12-08T15:30:00Z,FINISHED,1603,,5589,FC Vizela,5613,Sporting Clube de Braga,Sporting Clube de Braga,1,3
445510,2023-12-08T18:00:00Z,FINISHED,1603,,1903,Sport Lisboa e Benfica,5602,SC Farense,Draw,1,1
445517,2023-12-09T15:30:00Z,FINISHED,1603,,5601,Portimonense SC,5531,FC Famalicão,Draw,1,1
445518,2023-12-09T18:00:00Z,FINISHED,1603,,5543,Vitória SC,498,Sporting Clube de Portugal,Vitória SC,3,2
445513,2023-12-09T20:30:00Z,FINISHED,1603,,503,FC Porto,6618,Casa Pia AC,FC Porto,3,1
445511,2023-12-10T15:30:00Z,FINISHED,1603,,9136,CF Estrela da Amadora,810,Boavista FC,CF Estrela da Amadora,3,1
445512,2023-12-10T18:00:00Z,FINISHED,1603,,712,FC Arouca,496,Rio Ave FC,Draw,2,2
445515,2023-12-10T20:30:00Z,FINISHED,1603,,582,GD Estoril Praia,1103,GD Chaves,GD Estoril Praia,4,0
445516,2023-12-11T20:15:00Z,FINISHED,1603,,5533,Gil Vicente FC,583,Moreirense FC,Draw,1,1
445525,2023-12-15T20:15:00Z,FINISHED,1603,,5602,SC Farense,9136,CF Estrela da Amadora,Draw,0,0
445523,2023-12-16T15:30:00Z,FINISHED,1603,,496,Rio Ave FC,5589,FC Vizela,Draw,1,1
445520,2023-12-16T18:00:00Z,FINISHED,1603,,712,FC Arouca,5533,Gil Vicente FC,FC Arouca,3,0
445519,2023-12-16T20:30:00Z,FINISHED,1603,,810,Boavista FC,5543,Vitória SC,Draw,1,1
445522,2023-12-17T15:30:00Z,FINISHED,1603,,583,Moreirense FC,5601,Portimonense SC,Moreirense FC,5,2
445524,2023-12-17T15:30:00Z,FINISHED,1603,,1103,GD Chaves,6618,Casa Pia AC,Casa Pia AC,1,3
445521,2023-12-17T18:00:00Z,FINISHED,1603,,5531,FC Famalicão,582,GD Estoril Praia,Draw,1,1
445526,2023-12-17T20:30:00Z,FINISHED,1603,,5613,Sporting Clube de Braga,1903,Sport Lisboa e Benfica,Sport Lisboa e Benfica,0,1
445527,2023-12-18T20:15:00Z,FINISHED,1603,,498,Sporting Clube de Portugal,503,FC Porto,Sporting Clube de Portugal,2,0
445532,2023-12-23T15:30:00Z,FINISHED,1603,,5589,FC Vizela,583,Moreirense FC,Draw,0,0
445536,2023-12-23T15:30:00Z,FINISHED,1603,,5543,Vitória SC,496,Rio Ave FC,Vitória SC,1,0
445530,2023-12-28T20:15:00Z,FINISHED,1603,,9136,CF Estrela da Amadora,712,FC Arouca,FC Arouca,1,4
445528,2023-12-29T18:45:00Z,FINISHED,1603,,1903,Sport Lisboa e Benfica,5531,FC Famalicão,Sport Lisboa e Benfica,3,0
445531,2023-12-29T20:45:00Z,FINISHED,1603,,503,FC Porto,1103,GD Chaves,FC Porto,1,0
445533,2023-12-30T15:30:00Z,FINISHED,1603,,582,GD Estoril Praia,5602,SC Farense,GD Estoril Praia,4,0
445534,2023-12-30T15:30:00Z,FINISHED,1603,,5533,Gil Vicente FC,810,Boavista FC,Gil Vicente FC,1,0
445529,2023-12-30T18:00:00Z,FINISHED,1603,,6618,Casa Pia AC,5613,Sporting Clube de Braga,Sporting Clube de Braga,1,3
445535,2023-12-30T20:30:00Z,FINISHED,1603,,5601,Portimonense SC,498,Sporting Clube de Portugal,Sporting Clube de Portugal,1,2
445545,2024-01-05T18:45:00Z,FINISHED,1603,,498,Sporting Clube de Portugal,582,GD Estoril Praia,Sporting Clube de Portugal,5,1
445537,2024-01-05T20:45:00Z,FINISHED,1603,,810,Boavista FC,503,FC Porto,Draw,1,1
445538,2024-01-06T15:30:00Z,FINISHED,1603,,9136,CF Estrela da Amadora,5589,FC Vizela,Draw,1,1
445543,2024-01-06T15:30:00Z,FINISHED,1603,,5602,SC Farense,5533,Gil Vicente FC,SC Farense,1,0
445539,2024-01-06T18:00:00Z,FINISHED,1603,,712,FC Arouca,1903,Sport Lisboa e Benfica,Sport Lisboa e Benfica,0,3
445544,2024-01-06T20:30:00Z,FINISHED,1603,,5613,Sporting Clube de Braga,5543,Vitória SC,Draw,1,1
445542,2024-01-07T18:00:00Z,FINISHED,1603,,496,Rio Ave FC,5601,Portimonense SC,Rio Ave FC,2,0
445540,2024-01-07T20:30:00Z,FINISHED,1603,,5531,FC Famalicão,1103,GD Chaves,Draw,2,2
445541,2024-01-08T20:15:00Z,FINISHED,1603,,583,Moreirense FC,6618,Casa Pia AC,Casa Pia AC,1,4
445553,2024-01-12T20:15:00Z,FINISHED,1603,,5601,Portimonense SC,5602,SC Farense,Portimonense SC,1,0
445547,2024-01-13T15:30:00Z,FINISHED,1603,,6618,Casa Pia AC,5531,FC Famalicão,FC Famalicão,0,2
445550,2024-01-13T18:00:00Z,FINISHED,1603,,1103,GD Chaves,498,Sporting Clube de Portugal,Sporting Clube de Portugal,0,3
445551,2024-01-13T20:30:00Z,FINISHED,1603,,582,GD Estoril Praia,583,Moreirense FC,Moreirense FC,1,3
445552,2024-01-14T15:30:00Z,FINISHED,1603,,5533,Gil Vicente FC,9136,CF Estrela da Amadora,Draw,1,1
445546,2024-01-14T18:00:00Z,FINISHED,1603,,1903,Sport Lisboa e Benfica,496,Rio Ave FC,Sport Lisboa e Benfica,4,1
445549,2024-01-14T18:00:00Z,FINISHED,1603,,5589,FC Vizela,810,Boavista FC,Boavista FC,1,4
445548,2024-01-14T20:30:00Z,FINISHED,1603,,503,FC Porto,5613,Sporting Clube de Braga,FC Porto,2,0
445554,2024-01-15T20:15:00Z,FINISHED,1603,,5543,Vitória SC,712,FC Arouca,Vitória SC,2,1
445557,2024-01-18T18:45:00Z,FINISHED,1603,,5531,FC Famalicão,5613,Sporting Clube de Braga,Sporting Clube de Braga,1,2
445559,2024-01-18T20:45:00Z,FINISHED,1603,,5589,FC Vizela,498,Sporting Clube de Portugal,Sporting Clube de Portugal,2,5
445555,2024-01-19T20:15:00Z,FINISHED,1603,,1903,Sport Lisboa e Benfica,810,Boavista FC,Sport Lisboa e Benfica,2,0
445561,2024-01-20T15:30:00Z,FINISHED,1603,,582,GD Estoril Praia,712,FC Arouca,FC Arouca,1,2
445556,2024-01-20T18:00:00Z,FINISHED,1603,,6618,Casa Pia AC,5602,SC Farense,SC Farense,1,3
445558,2024-01-20T20:30:00Z,FINISHED,1603,,503,FC Porto,583,Moreirense FC,FC Porto,5,0
445562,2024-01-21T15:30:00Z,FINISHED,1603,,5601,Portimonense SC,5533,Gil Vicente FC,Gil Vicente FC,0,2
445560,2024-01-21T18:00:00Z,FINISHED,1603,,1103,GD Chaves,496,Rio Ave FC,Draw,0,0
445563,2024-01-21T20:30:00Z,FINISHED,1603,,5543,Vitória SC,9136,CF Estrela da Amadora,Vitória SC,3,0
445564,2024-01-28T15:30:00Z,FINISHED,1603,,810,Boavista FC,5601,Portimonense SC,Portimonense SC,1,4
445567,2024-01-28T15:30:00Z,FINISHED,1603,,583,Moreirense FC,5531,FC Famalicão,Moreirense FC,1,0
445570,2024-01-28T18:00:00Z,FINISHED,1603,,5602,SC Farense,503,FC Porto,FC Porto,1,3
445566,2024-01-28T20:30:00Z,FINISHED,1603,,712,FC Arouca,5589,FC Vizela,FC Arouca,5,0
445569,2024-01-28T20:30:00Z,FINISHED,1603,,5533,Gil Vicente FC,5543,Vitória SC,Gil Vicente FC,1,0
445565,2024-01-29T18:45:00Z,FINISHED,1603,,9136,CF Estrela da Amadora,1903,Sport Lisboa e Benfica,Sport Lisboa e Benfica,1,4
445572,2024-01-29T20:45:00Z,FINISHED,1603,,498,Sporting Clube de Portugal,6618,Casa Pia AC,Sporting Clube de Portugal,8,0
445568,2024-01-31T18:45:00Z,FINISHED,1603,,496,Rio Ave FC,582,GD Estoril Praia,Draw,1,1
445571,2024-01-31T20:45:00Z,FINISHED,1603,,5613,Sporting Clube de Braga,1103,GD Chaves,Draw,1,1
445580,2024-02-03T15:30:00Z,FINISHED,1603,,5601,Portimonense SC,712,FC Arouca,FC Arouca,1,2
445576,2024-02-03T20:30:00Z,FINISHED,1603,,503,FC Porto,496,Rio Ave FC,Draw,0,0
445577,2024-02-04T15:30:00Z,FINISHED,1603,,5589,FC Vizela,5543,Vitória SC,Vitória SC,0,1
445578,2024-02-04T15:30:00Z,FINISHED,1603,,1103,GD Chaves,5602,SC Farense,Draw,1,1
445573,2024-02-04T18:00:00Z,FINISHED,1603,,1903,Sport Lisboa e Benfica,5533,Gil Vicente FC,Sport Lisboa e Benfica,3,0
445579,2024-02-04T18:00:00Z,FINISHED,1603,,582,GD Estoril Praia,9136,CF Estrela da Amadora,GD Estoril Praia,1,0
445581,2024-02-04T20:30:00Z,FINISHED,1603,,5613,Sporting Clube de Braga,583,Moreirense FC,Sporting Clube de Braga,1,0
445574,2024-02-05T20:15:00Z,FINISHED,1603,,6618,Casa Pia AC,810,Boavista FC,Draw,0,0
445583,2024-02-09T20:15:00Z,FINISHED,1603,,9136,CF Estrela da Amadora,5601,Portimonense SC,CF Estrela da Amadora,3,0
445588,2024-02-10T15:30:00Z,FINISHED,1603,,5602,SC Farense,5531,FC Famalicão,Draw,1,1
445585,2024-02-10T18:00:00Z,FINISHED,1603,,583,Moreirense FC,1103,GD Chaves,Moreirense FC,1,0
445582,2024-02-10T20:30:00Z,FINISHED,1603,,810,Boavista FC,582,GD Estoril Praia,Boavista FC,2,1
445586,2024-02-11T15:30:00Z,FINISHED,1603,,496,Rio Ave FC,6618,Casa Pia AC,Rio Ave FC,1,0
445589,2024-02-11T18:00:00Z,FINISHED,1603,,498,Sporting Clube de Portugal,5613,Sporting Clube de Braga,Sporting Clube de Portugal,5,0
445590,2024-02-11T20:30:00Z,FINISHED,1603,,5543,Vitória SC,1903,Sport Lisboa e Benfica,Draw,2,2
445584,2024-02-12T20:15:00Z,FINISHED,1603,,712,FC Arouca,503,FC Porto,FC Arouca,3,2
445587,2024-02-13T15:30:00Z,FINISHED,1603,,5533,Gil Vicente FC,5589,FC Vizela,FC Vizela,0,1
445593,2024-02-16T20:15:00Z,FINISHED,1603,,5531,FC Famalicão,496,Rio Ave FC,FC Famalicão,2,1
445596,2024-02-17T15:30:00Z,FINISHED,1603,,1103,GD Chaves,810,Boavista FC,GD Chaves,2,1
445598,2024-02-17T18:00:00Z,FINISHED,1603,,5601,Portimonense SC,5543,Vitória SC,Draw,1,1
445595,2024-02-17T20:30:00Z,FINISHED,1603,,503,FC Porto,9136,CF Estrela da Amadora,FC Porto,2,0
445592,2024-02-18T15:30:00Z,FINISHED,1603,,6618,Casa Pia AC,712,FC Arouca,Casa Pia AC,1,0
445591,2024-02-18T18:00:00Z,FINISHED,1603,,1903,Sport Lisboa e Benfica,5589,FC Vizela,Sport Lisboa e Benfica,6,1
445597,2024-02-18T18:00:00Z,FINISHED,1603,,582,GD Estoril Praia,5533,Gil Vicente FC,Gil Vicente FC,1,3
445599,2024-02-18T20:30:00Z,FINISHED,1603,,5613,Sporting Clube de Braga,5602,SC Farense,Sporting Clube de Braga,2,1
445594,2024-02-19T20:15:00Z,FINISHED,1603,,583,Moreirense FC,498,Sporting Clube de Portugal,Sporting Clube de Portugal,0,2
445603,2024-02-23T20:15:00Z,FINISHED,1603,,712,FC Arouca,5531,FC Famalicão,FC Arouca,3,2
445607,2024-02-24T15:30:00Z,FINISHED,1603,,5602,SC Farense,583,Moreirense FC,Moreirense FC,0,1
445602,2024-02-24T18:00:00Z,FINISHED,1603,,9136,CF Estrela da Amadora,1103,GD Chaves,Draw,1,1
445608,2024-02-24T20:30:00Z,FINISHED,1603,,5543,Vitória SC,6618,Casa Pia AC,Casa Pia AC,0,2
445605,2024-02-25T15:30:00Z,FINISHED,1603,,5589,FC Vizela,582,GD Estoril Praia,Draw,3,3
445600,2024-02-25T18:00:00Z,FINISHED,1603,,1903,Sport Lisboa e Benfica,5601,Portimonense SC,Sport Lisboa e Benfica,4,0
445606,2024-02-25T18:00:00Z,FINISHED,1603,,5533,Gil Vicente FC,503,FC Porto,Draw,1,1
445604,2024-02-25T20:30:00Z,FINISHED,1603,,496,Rio Ave FC,498,Sporting Clube de Portugal,Draw,3,3
445601,2024-02-26T20:15:00Z,FINISHED,1603,,810,Boavista FC,5613,Sporting Clube de Braga,Sporting Clube de Braga,0,4
445613,2024-03-01T20:15:00Z,FINISHED,1603,,1103,GD Chaves,712,FC Arouca,FC Arouca,1,5
445611,2024-03-02T15:30:00Z,FINISHED,1603,,583,Moreirense FC,496,Rio Ave FC,Draw,0,0
445614,2024-03-02T18:00:00Z,FINISHED,1603,,582,GD Estoril Praia,5543,Vitória SC,Vitória SC,1,3
445616,2024-03-02T20:30:00Z,FINISHED,1603,,5613,Sporting Clube de Braga,9136,CF Estrela da Amadora,Sporting Clube de Braga,3,0
445609,2024-03-03T15:30:00Z,FINISHED,1603,,6618,Casa Pia AC,5533,Gil Vicente FC,Draw,0,0
445615,2024-03-03T15:30:00Z,FINISHED,1603,,5601,Portimonense SC,5589,FC Vizela,Draw,0,0
445617,2024-03-03T18:00:00Z,FINISHED,1603,,498,Sporting Clube de Portugal,5602,SC Farense,Sporting Clube de Portugal,3,2
445612,2024-03-03T20:30:00Z,FINISHED,1603,,503,FC Porto,1903,Sport Lisboa e Benfica,FC Porto,5,0
445610,2024-03-04T20:15:00Z,FINISHED,1603,,5531,FC Famalicão,810,Boavista FC,Draw,1,1
445625,2024-03-08T18:45:00Z,FINISHED,1603,,5601,Portimonense SC,503,FC Porto,FC Porto,0,3
445620,2024-03-08T20:45:00Z,FINISHED,1603,,9136,CF Estrela da Amadora,6618,Casa Pia AC,CF Estrela da Amadora,3,1
445623,2024-03-09T15:30:00Z,FINISHED,1603,,5589,FC Vizela,5602,SC Farense,FC Vizela,2,1
445619,2024-03-09T18:00:00Z,FINISHED,1603,,810,Boavista FC,583,Moreirense FC,Boavista FC,1,0
445622,2024-03-09T18:00:00Z,FINISHED,1603,,496,Rio Ave FC,5613,Sporting Clube de Braga,Draw,0,0
445626,2024-03-09T20:30:00Z,FINISHED,1603,,5543,Vitória SC,5531,FC Famalicão,Vitória SC,1,0
445621,2024-03-10T18:00:00Z,FINISHED,1603,,712,FC Arouca,498,Sporting Clube de Portugal,Sporting Clube de Portugal,0,3
445618,2024-03-10T20:30:00Z,FINISHED,1603,,1903,Sport Lisboa e Benfica,582,GD Estoril Praia,Sport Lisboa e Benfica,3,1
445624,2024-03-11T20:15:00Z,FINISHED,1603,,5533,Gil Vicente FC,1103,GD Chaves,Draw,0,0
445632,2024-03-15T20:15:00Z,FINISHED,1603,,582,GD Estoril Praia,5601,Portimonense SC,GD Estoril Praia,1,0
445628,2024-03-16T15:30:00Z,FINISHED,1603,,5531,FC Famalicão,9136,CF Estrela da Amadora,Draw,0,0
445633,2024-03-16T18:00:00Z,FINISHED,1603,,5602,SC Farense,496,Rio Ave FC,Draw,1,1
445634,2024-03-16T18:00:00Z,FINISHED,1603,,5613,Sporting Clube de Braga,5533,Gil Vicente FC,Sporting Clube de Braga,2,1
445630,2024-03-16T20:30:00Z,FINISHED,1603,,503,FC Porto,5589,FC Vizela,FC Porto,4,1
445629,2024-03-17T15:30:00Z,FINISHED,1603,,583,Moreirense FC,712,FC Arouca,Moreirense FC,1,0
445631,2024-03-17T15:30:00Z,FINISHED,1603,,1103,GD Chaves,5543,Vitória SC,Vitória SC,1,2
445627,2024-03-17T18:00:00Z,FINISHED,1603,,6618,Casa Pia AC,1903,Sport Lisboa e Benfica,Sport Lisboa e Benfica,0,1
445635,2024-03-17T20:30:00Z,FINISHED,1603,,498,Sporting Clube de Portugal,810,Boavista FC,Sporting Clube de Portugal,6,1
445642,2024-03-29T15:30:00Z,FINISHED,1603,,5533,Gil Vicente FC,5531,FC Famalicão,FC Famalicão,1,2
445636,2024-03-29T18:00:00Z,FINISHED,1603,,1903,Sport Lisboa e Benfica,1103,GD Chaves,Sport Lisboa e Benfica,1,0
445638,2024-03-29T20:30:00Z,FINISHED,1603,,9136,CF Estrela da Amadora,498,Sporting Clube de Portugal,Sporting Clube de Portugal,1,2
445639,2024-03-30T15:30:00Z,FINISHED,1603,,712,FC Arouca,5602,SC Farense,FC Arouca,2,1
445644,2024-03-30T15:30:00Z,FINISHED,1603,,5543,Vitória SC,583,Moreirense FC,Vitória SC,1,0
445637,2024-03-30T18:00:00Z,FINISHED,1603,,810,Boavista FC,496,Rio Ave FC,Draw,0,0
445641,2024-03-30T20:30:00Z,FINISHED,1603,,582,GD Estoril Praia,503,FC Porto,GD Estoril Praia,1,0
445640,2024-03-31T17:00:00Z,FINISHED,1603,,5589,FC Vizela,6618,Casa Pia AC,Casa Pia AC,0,4
445643,2024-04-01T19:15:00Z,FINISHED,1603,,5601,Portimonense SC,5613,Sporting Clube de Braga,Sporting Clube de Braga,3,5
445651,2024-04-05T19:15:00Z,FINISHED,1603,,5602,SC Farense,810,Boavista FC,SC Farense,2,0
445646,2024-04-06T14:30:00Z,FINISHED,1603,,5531,FC Famalicão,5589,FC Vizela,FC Famalicão,3,2
445649,2024-04-06T14:30:00Z,FINISHED,1603,,496,Rio Ave FC,5533,Gil Vicente FC,Rio Ave FC,3,0
445652,2024-04-06T17:00:00Z,FINISHED,1603,,5613,Sporting Clube de Braga,712,FC Arouca,FC Arouca,0,3
445653,2024-04-06T19:30:00Z,FINISHED,1603,,498,Sporting Clube de Portugal,1903,Sport Lisboa e Benfica,Sporting Clube de Portugal,2,1
445650,2024-04-07T14:30:00Z,FINISHED,1603,,1103,GD Chaves,5601,Portimonense SC,Portimonense SC,2,3
445647,2024-04-07T17:00:00Z,FINISHED,1603,,583,Moreirense FC,9136,CF Estrela da Amadora,Draw,2,2
445648,2024-04-07T19:30:00Z,FINISHED,1603,,503,FC Porto,5543,Vitória SC,Vitória SC,1,2
445645,2024-04-08T19:15:00Z,FINISHED,1603,,6618,Casa Pia AC,582,GD Estoril Praia,Draw,0,0
445660,2024-04-12T19:15:00Z,FINISHED,1603,,5533,Gil Vicente FC,498,Sporting Clube de Portugal,Sporting Clube de Portugal,0,4
445662,2024-04-13T14:30:00Z,FINISHED,1603,,5543,Vitória SC,5602,SC Farense,Draw,1,1
445657,2024-04-13T17:00:00Z,FINISHED,1603,,503,FC Porto,5531,FC Famalicão,Draw,2,2
445659,2024-04-13T19:30:00Z,FINISHED,1603,,582,GD Estoril Praia,5613,Sporting Clube de Braga,Sporting Clube de Braga,0,1
445655,2024-04-14T14:30:00Z,FINISHED,1603,,9136,CF Estrela da Amadora,496,Rio Ave FC,Draw,2,2
445656,2024-04-14T17:00:00Z,FINISHED,1603,,712,FC Arouca,810,Boavista FC,FC Arouca,2,1
445661,2024-04-14T17:00:00Z,FINISHED,1603,,5601,Portimonense SC,6618,Casa Pia AC,Draw,2,2
445654,2024-04-14T19:30:00Z,FINISHED,1603,,1903,Sport Lisboa e Benfica,583,Moreirense FC,Sport Lisboa e Benfica,3,0
445658,2024-04-15T19:15:00Z,FINISHED,1603,,5589,FC Vizela,1103,GD Chaves,GD Chaves,0,1
445575,2024-04-16T19:15:00Z,FINISHED,1603,,5531,FC Famalicão,498,Sporting Clube de Portugal,Sporting Clube de Portugal,0,1
445667,2024-04-19T19:15:00Z,FINISHED,1603,,496,Rio Ave FC,712,FC Arouca,Draw,1,1
445666,2024-04-20T14:30:00Z,FINISHED,1603,,583,Moreirense FC,5533,Gil Vicente FC,Gil Vicente FC,0,1
445663,2024-04-20T17:00:00Z,FINISHED,1603,,810,Boavista FC,9136,CF Estrela da Amadora,Draw,1,1
445670,2024-04-20T19:30:00Z,FINISHED,1603,,5613,Sporting Clube de Braga,5589,FC Vizela,Sporting Clube de Braga,2,1
445665,2024-04-21T14:30:00Z,FINISHED,1603,,5531,FC Famalicão,5601,Portimonense SC,Draw,2,2
445668,2024-04-21T14:30:00Z,FINISHED,1603,,1103,GD Chaves,582,GD Estoril Praia,Draw,2,2
445664,2024-04-21T17:00:00Z,FINISHED,1603,,6618,Casa Pia AC,503,FC Porto,FC Porto,1,2
445671,2024-04-21T19:30:00Z,FINISHED,1603,,498,Sporting Clube de Portugal,5543,Vitória SC,Sporting Clube de Portugal,3,0
445669,2024-04-22T19:15:00Z,FINISHED,1603,,5602,SC Farense,1903,Sport Lisboa e Benfica,Sport Lisboa e Benfica,1,3
445678,2024-04-26T19:15:00Z,FINISHED,1603,,5533,Gil Vicente FC,712,FC Arouca,Draw,2,2
445673,2024-04-27T14:30:00Z,FINISHED,1603,,6618,Casa Pia AC,1103,GD Chaves,Casa Pia AC,3,1
445676,2024-04-27T14:30:00Z,FINISHED,1603,,5589,FC Vizela,496,Rio Ave FC,Draw,1,1
445672,2024-04-27T17:00:00Z,FINISHED,1603,,1903,Sport Lisboa e Benfica,5613,Sporting Clube de Braga,Sport Lisboa e Benfica,3,1
445680,2024-04-27T19:30:00Z,FINISHED,1603,,5543,Vitória SC,810,Boavista FC,Vitória SC,1,0
445679,2024-04-28T14:30:00Z,FINISHED,1603,,5601,Portimonense SC,583,Moreirense FC,Moreirense FC,0,2
445677,2024-04-28T17:00:00Z,FINISHED,1603,,582,GD Estoril Praia,5531,FC Famalicão,GD Estoril Praia,1,0
445675,2024-04-28T19:30:00Z,FINISHED,1603,,503,FC Porto,498,Sporting Clube de Portugal,Draw,2,2
445674,2024-04-29T19:15:00Z,FINISHED,1603,,9136,CF Estrela da Amadora,5602,SC Farense,SC Farense,0,3
445684,2024-05-03T19:15:00Z,FINISHED,1603,,583,Moreirense FC,5589,FC Vizela,Moreirense FC,1,0
445681,2024-05-04T14:30:00Z,FINISHED,1603,,810,Boavista FC,5533,Gil Vicente FC,Draw,1,1
445685,2024-05-04T14:30:00Z,FINISHED,1603,,496,Rio Ave FC,5543,Vitória SC,Rio Ave FC,2,1
445689,2024-05-04T17:00:00Z,FINISHED,1603,,498,Sporting Clube de Portugal,5601,Portimonense SC,Sporting Clube de Portugal,3,0
445686,2024-05-04T19:30:00Z,FINISHED,1603,,1103,GD Chaves,503,FC Porto,FC Porto,0,3
445687,2024-05-05T14:30:00Z,FINISHED,1603,,5602,SC Farense,582,GD Estoril Praia,SC Farense,3,2
445682,2024-05-05T17:00:00Z,FINISHED,1603,,712,FC Arouca,9136,CF Estrela da Amadora,Draw,0,0
445688,2024-05-05T17:00:00Z,FINISHED,1603,,5613,Sporting Clube de Braga,6618,Casa Pia AC,Sporting Clube de Braga,4,3
445683,2024-05-05T19:30:00Z,FINISHED,1603,,5531,FC Famalicão,1903,Sport Lisboa e Benfica,FC Famalicão,2,0
445694,2024-05-10T19:15:00Z,FINISHED,1603,,1103,GD Chaves,5531,FC Famalicão,FC Famalicão,0,1
445697,2024-05-11T14:30:00Z,FINISHED,1603,,5601,Portimonense SC,496,Rio Ave FC,Draw,2,2
445693,2024-05-11T14:30:00Z,FINISHED,1603,,5589,FC Vizela,9136,CF Estrela da Amadora,FC Vizela,4,0
445695,2024-05-11T17:00:00Z,FINISHED,1603,,582,GD Estoril Praia,498,Sporting Clube de Portugal,Sporting Clube de Portugal,0,1
445698,2024-05-11T19:30:00Z,FINISHED,1603,,5543,Vitória SC,5613,Sporting Clube de Braga,Sporting Clube de Braga,2,3
445696,2024-05-12T14:30:00Z,FINISHED,1603,,5533,Gil Vicente FC,5602,SC Farense,Gil Vicente FC,2,0
445690,2024-05-12T17:00:00Z,FINISHED,1603,,1903,Sport Lisboa e Benfica,712,FC Arouca,Sport Lisboa e Benfica,5,0
445691,2024-05-12T17:00:00Z,FINISHED,1603,,6618,Casa Pia AC,583,Moreirense FC,Moreirense FC,0,1
445692,2024-05-12T19:30:00Z,FINISHED,1603,,503,FC Porto,810,Boavista FC,FC Porto,2,1
445702,2024-05-17T17:45:00Z,FINISHED,1603,,5531,FC Famalicão,6618,Casa Pia AC,Casa Pia AC,1,2
445704,2024-05-17T19:45:00Z,FINISHED,1603,,496,Rio Ave FC,1903,Sport Lisboa e Benfica,Draw,1,1
445699,2024-05-18T14:30:00Z,FINISHED,1603,,810,Boavista FC,5589,FC Vizela,Draw,2,2
445700,2024-05-18T14:30:00Z,FINISHED,1603,,9136,CF Estrela da Amadora,5533,Gil Vicente FC,CF Estrela da Amadora,1,0
445701,2024-05-18T14:30:00Z,FINISHED,1603,,712,FC Arouca,5543,Vitória SC,Vitória SC,1,3
445705,2024-05-18T14:30:00Z,FINISHED,1603,,5602,SC Farense,5601,Portimonense SC,Portimonense SC,1,3
445703,2024-05-18T17:00:00Z,FINISHED,1603,,583,Moreirense FC,582,GD Estoril Praia,Moreirense FC,2,1
445707,2024-05-18T17:00:00Z,FINISHED,1603,,498,Sporting Clube de Portugal,1103,GD Chaves,Sporting Clube de Portugal,3,0
445706,2024-05-18T19:30:00Z,FINISHED,1603,,5613,Sporting Clube de Braga,503,FC Porto,FC Porto,0,1
504020,2024-08-09T19:15:00Z,FINISHED,2312,,498,Sporting Clube de Portugal,496,Rio Ave FC,Sporting Clube de Portugal,3,1
504016,2024-08-10T14:30:00Z,FINISHED,2312,,10340,AVS,5529,CD Nacional,Draw,1,1
504021,2024-08-10T17:00:00Z,FINISHED,2312,,6618,Casa Pia AC,810,Boavista FC,Boavista FC,0,1
504024,2024-08-10T19:30:00Z,FINISHED,2312,,503,FC Porto,5533,Gil Vicente FC,FC Porto,3,0
504023,2024-08-11T14:30:00Z,FINISHED,2312,,582,GD Estoril Praia,5530,CD Santa Clara,CD Santa Clara,1,4
504017,2024-08-11T17:00:00Z,FINISHED,2312,,5602,SC Farense,583,Moreirense FC,Moreirense FC,1,2
504018,2024-08-11T17:00:00Z,FINISHED,2312,,5531,FC Famalicão,1903,Sport Lisboa e Benfica,FC Famalicão,2,0
504022,2024-08-11T19:30:00Z,FINISHED,2312,,5613,Sporting Clube de Braga,9136,CF Estrela da Amadora,Draw,1,1
504019,2024-08-12T19:15:00Z,FINISHED,2312,,712,FC Arouca,5543,Vitória SC,Vitória SC,0,1
504009,2024-08-16T16:00:00Z,FINISHED,2312,,5530,CD Santa Clara,503,FC Porto,FC Porto,0,2
504013,2024-08-16T19:15:00Z,FINISHED,2312,,5533,Gil Vicente FC,10340,AVS,Gil Vicente FC,4,2
504014,2024-08-17T14:30:00Z,FINISHED,2312,,496,Rio Ave FC,5602,SC Farense,Rio Ave FC,1,0
504007,2024-08-17T17:00:00Z,FINISHED,2312,,5529,CD Nacional,498,Sporting Clube de Portugal,Sporting Clube de Portugal,1,6
504010,2024-08-17T19:30:00Z,FINISHED,2312,,1903,Sport Lisboa e Benfica,6618,Casa Pia AC,Sport Lisboa e Benfica,3,0
504012,2024-08-18T14:30:00Z,FINISHED,2312,,583,Moreirense FC,712,FC Arouca,Moreirense FC,3,1
504015,2024-08-18T17:00:00Z,FINISHED,2312,,5543,Vitória SC,582,GD Estoril Praia,Vitória SC,1,0
504011,2024-08-18T19:30:00Z,FINISHED,2312,,810,Boavista FC,5613,Sporting Clube de Braga,Sporting Clube de Braga,0,1
504008,2024-08-19T19:15:00Z,FINISHED,2312,,9136,CF Estrela da Amadora,5531,FC Famalicão,FC Famalicão,0,3
504004,2024-08-23T19:15:00Z,FINISHED,2312,,5602,SC Farense,498,Sporting Clube de Portugal,Sporting Clube de Portugal,0,5
504003,2024-08-24T14:30:00Z,FINISHED,2312,,6618,Casa Pia AC,5530,CD Santa Clara,CD Santa Clara,0,2
504002,2024-08-24T17:00:00Z,FINISHED,2312,,503,FC Porto,496,Rio Ave FC,FC Porto,2,0
503999,2024-08-24T19:30:00Z,FINISHED,2312,,1903,Sport Lisboa e Benfica,9136,CF Estrela da Amadora,Sport Lisboa e Benfica,1,0
504005,2024-08-24T19:30:00Z,FINISHED,2312,,5531,FC Famalicão,810,Boavista FC,FC Famalicão,1,0
503998,2024-08-25T14:30:00Z,FINISHED,2312,,712,FC Arouca,5529,CD Nacional,FC Arouca,1,0
504001,2024-08-25T17:00:00Z,FINISHED,2312,,582,GD Estoril Praia,5533,Gil Vicente FC,Draw,0,0
504000,2024-08-25T19:30:00Z,FINISHED,2312,,5613,Sporting Clube de Braga,583,Moreirense FC,Sporting Clube de Braga,3,1
504006,2024-08-25T19:30:00Z,FINISHED,2312,,10340,AVS,5543,Vitória SC,AVS,1,0
503991,2024-08-30T19:15:00Z,FINISHED,2312,,583,Moreirense FC,1903,Sport Lisboa e Benfica,Draw,1,1
503994,2024-08-31T14:30:00Z,FINISHED,2312,,5530,CD Santa Clara,10340,AVS,CD Santa Clara,2,1
503990,2024-08-31T17:00:00Z,FINISHED,2312,,810,Boavista FC,582,GD Estoril Praia,Draw,0,0
503997,2024-08-31T17:00:00Z,FINISHED,2312,,9136,CF Estrela da Amadora,6618,Casa Pia AC,Casa Pia AC,0,1
503989,2024-08-31T19:30:00Z,FINISHED,2312,,498,Sporting Clube de Portugal,503,FC Porto,Sporting Clube de Portugal,2,0
503996,2024-09-01T14:30:00Z,FINISHED,2312,,5529,CD Nacional,5602,SC Farense,CD Nacional,2,0
503993,2024-09-01T17:00:00Z,FINISHED,2312,,496,Rio Ave FC,712,FC Arouca,Rio Ave FC,1,0
503992,2024-09-01T19:30:00Z,FINISHED,2312,,5533,Gil Vicente FC,5613,Sporting Clube de Braga,Draw,0,0
503995,2024-09-01T19:30:00Z,FINISHED,2312,,5543,Vitória SC,5531,FC Famalicão,Vitória SC,2,1
503982,2024-09-13T19:15:00Z,FINISHED,2312,,712,FC Arouca,498,Sporting Clube de Portugal,Sporting Clube de Portugal,0,3
503980,2024-09-14T14:30:00Z,FINISHED,2312,,6618,Casa Pia AC,583,Moreirense FC,Casa Pia AC,3,1
503988,2024-09-14T17:00:00Z,FINISHED,2312,,10340,AVS,496,Rio Ave FC,AVS,1,0
503981,2024-09-14T19:30:00Z,FINISHED,2312,,1903,Sport Lisboa e Benfica,5530,CD Santa Clara,Sport Lisboa e Benfica,4,1
503985,2024-09-14T19:30:00Z,FINISHED,2312,,5531,FC Famalicão,5533,Gil Vicente FC,Draw,1,1
503986,2024-09-15T14:30:00Z,FINISHED,2312,,503,FC Porto,5602,SC Farense,FC Porto,2,1
503983,2024-09-15T17:00:00Z,FINISHED,2312,,582,GD Estoril Praia,5529,CD Nacional,GD Estoril Praia,1,0
503984,2024-09-15T19:30:00Z,FINISHED,2312,,5613,Sporting Clube de Braga,5543,Vitória SC,Vitória SC,0,2
503987,2024-09-16T19:15:00Z,FINISHED,2312,,9136,CF Estrela da Amadora,810,Boavista FC,Draw,2,2
503974,2024-09-20T19:15:00Z,FINISHED,2312,,5529,CD Nacional,5613,Sporting Clube de Braga,Sporting Clube de Braga,0,3
503973,2024-09-21T14:30:00Z,FINISHED,2312,,5530,CD Santa Clara,9136,CF Estrela da Amadora,CD Santa Clara,1,0
503978,2024-09-21T14:30:00Z,FINISHED,2312,,496,Rio Ave FC,582,GD Estoril Praia,Draw,2,2
503972,2024-09-21T17:00:00Z,FINISHED,2312,,5543,Vitória SC,503,FC Porto,FC Porto,0,3
503977,2024-09-21T19:30:00Z,FINISHED,2312,,583,Moreirense FC,5531,FC Famalicão,Draw,0,0
503979,2024-09-22T14:30:00Z,FINISHED,2312,,5533,Gil Vicente FC,6618,Casa Pia AC,Draw,1,1
503975,2024-09-22T17:00:00Z,FINISHED,2312,,5602,SC Farense,712,FC Arouca,FC Arouca,0,1
503976,2024-09-22T19:30:00Z,FINISHED,2312,,498,Sporting Clube de Portugal,10340,AVS,Sporting Clube de Portugal,3,0
503971,2024-09-23T19:15:00Z,FINISHED,2312,,810,Boavista FC,1903,Sport Lisboa e Benfica,Sport Lisboa e Benfica,0,3
503965,2024-09-27T19:15:00Z,FINISHED,2312,,582,GD Estoril Praia,498,Sporting Clube de Portugal,Sporting Clube de Portugal,0,3
503966,2024-09-28T14:30:00Z,FINISHED,2312,,9136,CF Estrela da Amadora,583,Moreirense FC,CF Estrela da Amadora,2,1
503962,2024-09-28T17:00:00Z,FINISHED,2312,,6618,Casa Pia AC,5543,Vitória SC,Draw,1,1
503963,2024-09-28T19:30:00Z,FINISHED,2312,,1903,Sport Lisboa e Benfica,5533,Gil Vicente FC,Sport Lisboa e Benfica,5,1
503970,2024-09-29T14:30:00Z,FINISHED,2312,,5531,FC Famalicão,5529,CD Nacional,Draw,0,0
503968,2024-09-29T17:00:00Z,FINISHED,2312,,503,FC Porto,712,FC Arouca,FC Porto,4,0
503964,2024-09-29T19:30:00Z,FINISHED,2312,,5613,Sporting Clube de Braga,496,Rio Ave FC,Sporting Clube de Braga,4,0
503967,2024-09-29T19:30:00Z,FINISHED,2312,,5530,CD Santa Clara,810,Boavista FC,CD Santa Clara,1,0
503969,2024-09-30T19:15:00Z,FINISHED,2312,,10340,AVS,5602,SC Farense,Draw,0,0
503959,2024-10-04T19:15:00Z,FINISHED,2312,,496,Rio Ave FC,5531,FC Famalicão,Draw,1,1
503958,2024-10-05T14:30:00Z,FINISHED,2312,,583,Moreirense FC,5530,CD Santa Clara,Moreirense FC,1,0
503960,2024-10-05T14:30:00Z,FINISHED,2312,,5533,Gil Vicente FC,9136,CF Estrela da Amadora,Gil Vicente FC,3,0
503954,2024-10-05T17:00:00Z,FINISHED,2312,,712,FC Arouca,10340,AVS,Draw,1,1
503957,2024-10-05T19:30:00Z,FINISHED,2312,,498,Sporting Clube de Portugal,6618,Casa Pia AC,Sporting Clube de Portugal,2,0
503956,2024-10-06T14:30:00Z,FINISHED,2312,,5543,Vitória SC,810,Boavista FC,Draw,2,2
503961,2024-10-06T14:30:00Z,FINISHED,2312,,5602,SC Farense,582,GD Estoril Praia,SC Farense,1,0
503953,2024-10-06T19:30:00Z,FINISHED,2312,,503,FC Porto,5613,Sporting Clube de Braga,FC Porto,2,1
503944,2024-10-25T17:45:00Z,FINISHED,2312,,6618,Casa Pia AC,5529,CD Nacional,Casa Pia AC,1,0
503951,2024-10-25T19:45:00Z,FINISHED,2312,,5530,CD Santa Clara,5533,Gil Vicente FC,CD Santa Clara,2,1
503950,2024-10-26T14:30:00Z,FINISHED,2312,,582,GD Estoril Praia,712,FC Arouca,GD Estoril Praia,4,1
503946,2024-10-26T17:00:00Z,FINISHED,2312,,810,Boavista FC,583,Moreirense FC,Moreirense FC,0,2
503949,2024-10-26T19:30:00Z,FINISHED,2312,,5531,FC Famalicão,498,Sporting Clube de Portugal,Sporting Clube de Portugal,0,3
503948,2024-10-27T15:30:00Z,FINISHED,2312,,5613,Sporting Clube de Braga,5602,SC Farense,Sporting Clube de Braga,2,0
503945,2024-10-27T18:00:00Z,FINISHED,2312,,1903,Sport Lisboa e Benfica,496,Rio Ave FC,Sport Lisboa e Benfica,5,0
503947,2024-10-27T20:30:00Z,FINISHED,2312,,9136,CF Estrela da Amadora,5543,Vitória SC,Draw,2,2
503952,2024-10-28T20:15:00Z,FINISHED,2312,,10340,AVS,503,FC Porto,FC Porto,0,5
503940,2024-11-01T20:15:00Z,FINISHED,2312,,498,Sporting Clube de Portugal,9136,CF Estrela da Amadora,Sporting Clube de Portugal,5,1
503942,2024-11-02T15:30:00Z,FINISHED,2312,,496,Rio Ave FC,6618,Casa Pia AC,Draw,2,2
503937,2024-11-02T18:00:00Z,FINISHED,2312,,5602,SC Farense,1903,Sport Lisboa e Benfica,Sport Lisboa e Benfica,1,2
503938,2024-11-02T20:30:00Z,FINISHED,2312,,5533,Gil Vicente FC,810,Boavista FC,Boavista FC,1,2
503943,2024-11-03T15:30:00Z,FINISHED,2312,,10340,AVS,5531,FC Famalicão,FC Famalicão,2,3
503935,2024-11-03T18:00:00Z,FINISHED,2312,,712,FC Arouca,5613,Sporting Clube de Braga,Sporting Clube de Braga,1,2
503936,2024-11-03T18:00:00Z,FINISHED,2312,,5543,Vitória SC,583,Moreirense FC,Vitória SC,1,0
503941,2024-11-03T20:30:00Z,FINISHED,2312,,503,FC Porto,582,GD Estoril Praia,FC Porto,4,0
503939,2024-11-04T20:15:00Z,FINISHED,2312,,5529,CD Nacional,5530,CD Santa Clara,CD Nacional,2,0
503932,2024-11-08T20:15:00Z,FINISHED,2312,,583,Moreirense FC,5533,Gil Vicente FC,Moreirense FC,3,2
503929,2024-11-09T15:30:00Z,FINISHED,2312,,6618,Casa Pia AC,5602,SC Farense,Draw,1,1
503931,2024-11-09T15:30:00Z,FINISHED,2312,,582,GD Estoril Praia,10340,AVS,Draw,0,0
503933,2024-11-09T18:00:00Z,FINISHED,2312,,5531,FC Famalicão,712,FC Arouca,Draw,0,0
503926,2024-11-09T20:30:00Z,FINISHED,2312,,810,Boavista FC,496,Rio Ave FC,Rio Ave FC,0,2
503930,2024-11-10T15:30:00Z,FINISHED,2312,,9136,CF Estrela da Amadora,5529,CD Nacional,CF Estrela da Amadora,2,0
503934,2024-11-10T16:30:00Z,FINISHED,2312,,5530,CD Santa Clara,5543,Vitória SC,CD Santa Clara,1,0
503928,2024-11-10T18:45:00Z,FINISHED,2312,,5613,Sporting Clube de Braga,498,Sporting Clube de Portugal,Sporting Clube de Portugal,2,4
503927,2024-11-10T20:45:00Z,FINISHED,2312,,1903,Sport Lisboa e Benfica,503,FC Porto,Sport Lisboa e Benfica,4,1
503924,2024-11-29T20:15:00Z,FINISHED,2312,,5602,SC Farense,9136,CF Estrela da Amadora,SC Farense,1,0
503923,2024-11-30T15:30:00Z,FINISHED,2312,,496,Rio Ave FC,583,Moreirense FC,Rio Ave FC,3,2
503921,2024-11-30T18:00:00Z,FINISHED,2312,,5529,CD Nacional,810,Boavista FC,Draw,0,0
503922,2024-11-30T20:30:00Z,FINISHED,2312,,498,Sporting Clube de Portugal,5530,CD Santa Clara,CD Santa Clara,0,1
503917,2024-12-01T15:30:00Z,FINISHED,2312,,582,GD Estoril Praia,5531,FC Famalicão,GD Estoril Praia,2,1
503918,2024-12-01T18:00:00Z,FINISHED,2312,,712,FC Arouca,1903,Sport Lisboa e Benfica,Sport Lisboa e Benfica,0,2
503920,2024-12-01T20:30:00Z,FINISHED,2312,,10340,AVS,5613,Sporting Clube de Braga,Sporting Clube de Braga,0,1
503919,2024-12-02T18:45:00Z,FINISHED,2312,,5543,Vitória SC,5533,Gil Vicente FC,Vitória SC,4,0
503925,2024-12-02T20:45:00Z,FINISHED,2312,,503,FC Porto,6618,Casa Pia AC,FC Porto,2,0
503912,2024-12-05T20:15:00Z,FINISHED,2312,,583,Moreirense FC,498,Sporting Clube de Portugal,Moreirense FC,2,1
503910,2024-12-06T20:15:00Z,FINISHED,2312,,5613,Sporting Clube de Braga,582,GD Estoril Praia,Draw,2,2
503911,2024-12-07T15:30:00Z,FINISHED,2312,,5533,Gil Vicente FC,5529,CD Nacional,Gil Vicente FC,2,1
503909,2024-12-07T18:00:00Z,FINISHED,2312,,1903,Sport Lisboa e Benfica,5543,Vitória SC,Sport Lisboa e Benfica,1,0
503915,2024-12-07T18:00:00Z,FINISHED,2312,,5530,CD Santa Clara,496,Rio Ave FC,CD Santa Clara,1,0
503916,2024-12-07T20:30:00Z,FINISHED,2312,,5531,FC Famalicão,503,FC Porto,Draw,1,1
503908,2024-12-08T15:30:00Z,FINISHED,2312,,810,Boavista FC,5602,SC Farense,Draw,1,1
503913,2024-12-08T18:00:00Z,FINISHED,2312,,6618,Casa Pia AC,10340,AVS,Draw,1,1
503914,2024-12-09T20:15:00Z,FINISHED,2312,,9136,CF Estrela da Amadora,712,FC Arouca,CF Estrela da Amadora,2,1
503899,2024-12-14T15:30:00Z,FINISHED,2312,,5602,SC Farense,5533,Gil Vicente FC,Gil Vicente FC,0,1
503904,2024-12-14T18:00:00Z,FINISHED,2312,,5529,CD Nacional,583,Moreirense FC,CD Nacional,1,0
503907,2024-12-14T20:30:00Z,FINISHED,2312,,498,Sporting Clube de Portugal,810,Boavista FC,Sporting Clube de Portugal,3,2
503901,2024-12-15T15:30:00Z,FINISHED,2312,,712,FC Arouca,5530,CD Santa Clara,FC Arouca,1,0
503902,2024-12-15T18:00:00Z,FINISHED,2312,,10340,AVS,1903,Sport Lisboa e Benfica,Draw,1,1
503906,2024-12-15T20:30:00Z,FINISHED,2312,,582,GD Estoril Praia,6618,Casa Pia AC,Casa Pia AC,0,2
503900,2024-12-16T18:45:00Z,FINISHED,2312,,5613,Sporting Clube de Braga,5531,FC Famalicão,Draw,3,3
503905,2024-12-16T20:15:00Z,FINISHED,2312,,503,FC Porto,9136,CF Estrela da Amadora,FC Porto,2,0
503903,2024-12-16T20:45:00Z,FINISHED,2312,,496,Rio Ave FC,5543,Vitória SC,Draw,2,2
503955,2024-12-19T17:00:00Z,FINISHED,2312,,5529,CD Nacional,1903,Sport Lisboa e Benfica,Sport Lisboa e Benfica,0,2
503896,2024-12-20T20:15:00Z,FINISHED,2312,,6618,Casa Pia AC,712,FC Arouca,Casa Pia AC,3,1
503898,2024-12-21T15:30:00Z,FINISHED,2312,,5531,FC Famalicão,5602,SC Farense,SC Farense,1,2
503895,2024-12-21T18:00:00Z,FINISHED,2312,,810,Boavista FC,10340,AVS,Draw,0,0
503894,2024-12-21T20:30:00Z,FINISHED,2312,,583,Moreirense FC,503,FC Porto,FC Porto,0,3
503897,2024-12-22T17:00:00Z,FINISHED,2312,,5530,CD Santa Clara,5613,Sporting Clube de Braga,Sporting Clube de Braga,0,2
503890,2024-12-22T20:30:00Z,FINISHED,2312,,5533,Gil Vicente FC,498,Sporting Clube de Portugal,Draw,0,0
503891,2024-12-23T18:45:00Z,FINISHED,2312,,1903,Sport Lisboa e Benfica,582,GD Estoril Praia,Sport Lisboa e Benfica,3,0
503892,2024-12-23T18:45:00Z,FINISHED,2312,,5543,Vitória SC,5529,CD Nacional,Draw,2,2
503893,2024-12-23T20:45:00Z,FINISHED,2312,,9136,CF Estrela da Amadora,496,Rio Ave FC,CF Estrela da Amadora,1,0
503883,2024-12-27T20:15:00Z,FINISHED,2312,,712,FC Arouca,5533,Gil Vicente FC,Draw,1,1
503885,2024-12-28T15:30:00Z,FINISHED,2312,,10340,AVS,9136,CF Estrela da Amadora,Draw,1,1
503881,2024-12-28T18:00:00Z,FINISHED,2312,,582,GD Estoril Praia,583,Moreirense FC,Draw,2,2
503888,2024-12-28T20:30:00Z,FINISHED,2312,,503,FC Porto,810,Boavista FC,FC Porto,4,0
503884,2024-12-29T15:30:00Z,FINISHED,2312,,5602,SC Farense,5543,Vitória SC,Draw,2,2
503887,2024-12-29T15:30:00Z,FINISHED,2312,,496,Rio Ave FC,5529,CD Nacional,Rio Ave FC,2,1
503882,2024-12-29T18:00:00Z,FINISHED,2312,,5613,Sporting Clube de Braga,6618,Casa Pia AC,Casa Pia AC,1,2
503889,2024-12-29T20:30:00Z,FINISHED,2312,,498,Sporting Clube de Portugal,1903,Sport Lisboa e Benfica,Sporting Clube de Portugal,1,0
503886,2024-12-30T20:15:00Z,FINISHED,2312,,5531,FC Famalicão,5530,CD Santa Clara,CD Santa Clara,1,2
503875,2025-01-03T20:15:00Z,FINISHED,2312,,5543,Vitória SC,498,Sporting Clube de Portugal,Draw,4,4
503877,2025-01-04T15:30:00Z,FINISHED,2312,,583,Moreirense FC,10340,AVS,Draw,1,1
503874,2025-01-04T18:00:00Z,FINISHED,2312,,1903,Sport Lisboa e Benfica,5613,Sporting Clube de Braga,Sporting Clube de Braga,1,2
503878,2025-01-04T20:30:00Z,FINISHED,2312,,810,Boavista FC,712,FC Arouca,FC Arouca,1,3
503879,2025-01-05T15:30:00Z,FINISHED,2312,,5530,CD Santa Clara,5602,SC Farense,Draw,0,0
503873,2025-01-05T18:00:00Z,FINISHED,2312,,6618,Casa Pia AC,5531,FC Famalicão,Draw,1,1
503720,2025-01-05T20:30:00Z,FINISHED,2312,,9136,CF Estrela da Amadora,582,GD Estoril Praia,GD Estoril Praia,2,4
503876,2025-01-06T20:15:00Z,FINISHED,2312,,5533,Gil Vicente FC,496,Rio Ave FC,Draw,1,1
503880,2025-01-12T15:30:00Z,FINISHED,2312,,5529,CD Nacional,503,FC Porto,CD Nacional,2,0
503868,2025-01-17T20:15:00Z,FINISHED,2312,,1903,Sport Lisboa e Benfica,5531,FC Famalicão,Sport Lisboa e Benfica,4,0
503870,2025-01-18T15:30:00Z,FINISHED,2312,,5530,CD Santa Clara,582,GD Estoril Praia,GD Estoril Praia,2,3
503872,2025-01-18T18:00:00Z,FINISHED,2312,,496,Rio Ave FC,498,Sporting Clube de Portugal,Sporting Clube de Portugal,0,3
503865,2025-01-18T20:30:00Z,FINISHED,2312,,5543,Vitória SC,712,FC Arouca,Draw,2,2
503864,2025-01-19T15:30:00Z,FINISHED,2312,,5529,CD Nacional,10340,AVS,CD Nacional,3,1
503866,2025-01-19T15:30:00Z,FINISHED,2312,,583,Moreirense FC,5602,SC Farense,Draw,0,0
503867,2025-01-19T18:00:00Z,FINISHED,2312,,9136,CF Estrela da Amadora,5613,Sporting Clube de Braga,Sporting Clube de Braga,0,1
503871,2025-01-19T20:30:00Z,FINISHED,2312,,5533,Gil Vicente FC,503,FC Porto,Gil Vicente FC,3,1
503869,2025-01-20T20:15:00Z,FINISHED,2312,,810,Boavista FC,6618,Casa Pia AC,Casa Pia AC,2,3
503860,2025-01-24T20:15:00Z,FINISHED,2312,,712,FC Arouca,583,Moreirense FC,FC Arouca,1,0
503857,2025-01-25T15:30:00Z,FINISHED,2312,,5531,FC Famalicão,9136,CF Estrela da Amadora,Draw,0,0
503862,2025-01-25T15:30:00Z,FINISHED,2312,,5602,SC Farense,496,Rio Ave FC,Rio Ave FC,1,2
503858,2025-01-25T18:00:00Z,FINISHED,2312,,6618,Casa Pia AC,1903,Sport Lisboa e Benfica,Casa Pia AC,3,1
503855,2025-01-25T20:30:00Z,FINISHED,2312,,498,Sporting Clube de Portugal,5529,CD Nacional,Sporting Clube de Portugal,2,0
503863,2025-01-26T15:30:00Z,FINISHED,2312,,582,GD Estoril Praia,5543,Vitória SC,GD Estoril Praia,1,0
503859,2025-01-26T18:00:00Z,FINISHED,2312,,503,FC Porto,5530,CD Santa Clara,Draw,1,1
503856,2025-01-26T20:30:00Z,FINISHED,2312,,5613,Sporting Clube de Braga,810,Boavista FC,Sporting Clube de Braga,3,0
503861,2025-01-27T20:15:00Z,FINISHED,2312,,10340,AVS,5533,Gil Vicente FC,AVS,1,0
503853,2025-01-31T20:15:00Z,FINISHED,2312,,810,Boavista FC,5531,FC Famalicão,FC Famalicão,0,2
503846,2025-02-01T15:30:00Z,FINISHED,2312,,5529,CD Nacional,712,FC Arouca,FC Arouca,1,2
503852,2025-02-01T15:30:00Z,FINISHED,2312,,5530,CD Santa Clara,6618,Casa Pia AC,CD Santa Clara,2,1
503850,2025-02-01T18:00:00Z,FINISHED,2312,,5533,Gil Vicente FC,582,GD Estoril Praia,GD Estoril Praia,1,2
503854,2025-02-01T20:30:00Z,FINISHED,2312,,5543,Vitória SC,10340,AVS,Vitória SC,2,0
503851,2025-02-02T18:00:00Z,FINISHED,2312,,498,Sporting Clube de Portugal,5602,SC Farense,Sporting Clube de Portugal,3,1
503849,2025-02-02T20:30:00Z,FINISHED,2312,,9136,CF Estrela da Amadora,1903,Sport Lisboa e Benfica,Sport Lisboa e Benfica,2,3
503848,2025-02-03T18:45:00Z,FINISHED,2312,,583,Moreirense FC,5613,Sporting Clube de Braga,Sporting Clube de Braga,1,2
503847,2025-02-03T20:45:00Z,FINISHED,2312,,496,Rio Ave FC,503,FC Porto,Draw,2,2
503837,2025-02-07T20:15:00Z,FINISHED,2312,,503,FC Porto,498,Sporting Clube de Portugal,Draw,1,1
503841,2025-02-08T15:30:00Z,FINISHED,2312,,10340,AVS,5530,CD Santa Clara,CD Santa Clara,1,2
503839,2025-02-08T18:00:00Z,FINISHED,2312,,1903,Sport Lisboa e Benfica,583,Moreirense FC,Sport Lisboa e Benfica,3,2
503843,2025-02-08T20:30:00Z,FINISHED,2312,,5531,FC Famalicão,5543,Vitória SC,Draw,0,0
503838,2025-02-09T15:30:00Z,FINISHED,2312,,582,GD Estoril Praia,810,Boavista FC,GD Estoril Praia,2,1
503844,2025-02-09T15:30:00Z,FINISHED,2312,,5602,SC Farense,5529,CD Nacional,CD Nacional,0,2
503840,2025-02-09T18:00:00Z,FINISHED,2312,,5613,Sporting Clube de Braga,5533,Gil Vicente FC,Sporting Clube de Braga,2,0
503845,2025-02-09T20:30:00Z,FINISHED,2312,,6618,Casa Pia AC,9136,CF Estrela da Amadora,Casa Pia AC,1,0
503842,2025-02-10T20:15:00Z,FINISHED,2312,,712,FC Arouca,496,Rio Ave FC,Draw,1,1
503835,2025-02-14T20:15:00Z,FINISHED,2312,,810,Boavista FC,9136,CF Estrela da Amadora,CF Estrela da Amadora,0,1
503828,2025-02-15T15:30:00Z,FINISHED,2312,,583,Moreirense FC,6618,Casa Pia AC,Moreirense FC,3,2
503832,2025-02-15T17:00:00Z,FINISHED,2312,,5529,CD Nacional,582,GD Estoril Praia,Draw,2,2
503831,2025-02-15T18:00:00Z,FINISHED,2312,,5530,CD Santa Clara,1903,Sport Lisboa e Benfica,Sport Lisboa e Benfica,0,1
503830,2025-02-15T20:30:00Z,FINISHED,2312,,498,Sporting Clube de Portugal,712,FC Arouca,Draw,2,2
503836,2025-02-16T15:30:00Z,FINISHED,2312,,496,Rio Ave FC,10340,AVS,Draw,1,1
503834,2025-02-16T18:00:00Z,FINISHED,2312,,5602,SC Farense,503,FC Porto,FC Porto,0,1
503829,2025-02-16T20:30:00Z,FINISHED,2312,,5543,Vitória SC,5613,Sporting Clube de Braga,Draw,0,0
503833,2025-02-17T20:15:00Z,FINISHED,2312,,5533,Gil Vicente FC,5531,FC Famalicão,FC Famalicão,0,2
503822,2025-02-21T20:15:00Z,FINISHED,2312,,5613,Sporting Clube de Braga,5529,CD Nacional,Sporting Clube de Braga,1,0
503827,2025-02-22T15:30:00Z,FINISHED,2312,,6618,Casa Pia AC,5533,Gil Vicente FC,Casa Pia AC,1,0
503819,2025-02-22T18:00:00Z,FINISHED,2312,,1903,Sport Lisboa e Benfica,810,Boavista FC,Sport Lisboa e Benfica,3,0
503826,2025-02-22T20:30:00Z,FINISHED,2312,,582,GD Estoril Praia,496,Rio Ave FC,GD Estoril Praia,2,1
503821,2025-02-23T15:30:00Z,FINISHED,2312,,9136,CF Estrela da Amadora,5530,CD Santa Clara,Draw,0,0
503824,2025-02-23T15:30:00Z,FINISHED,2312,,712,FC Arouca,5602,SC Farense,Draw,2,2
503823,2025-02-23T18:00:00Z,FINISHED,2312,,10340,AVS,498,Sporting Clube de Portugal,Draw,2,2
503825,2025-02-23T20:30:00Z,FINISHED,2312,,5531,FC Famalicão,583,Moreirense FC,FC Famalicão,2,0
503820,2025-02-24T20:15:00Z,FINISHED,2312,,503,FC Porto,5543,Vitória SC,Draw,1,1
503818,2025-03-01T15:30:00Z,FINISHED,2312,,5529,CD Nacional,5531,FC Famalicão,CD Nacional,2,1
503816,2025-03-01T18:00:00Z,FINISHED,2312,,712,FC Arouca,503,FC Porto,FC Porto,0,2
503810,2025-03-01T20:30:00Z,FINISHED,2312,,5543,Vitória SC,6618,Casa Pia AC,Vitória SC,1,0
503814,2025-03-02T15:30:00Z,FINISHED,2312,,810,Boavista FC,5530,CD Santa Clara,Boavista FC,1,0
503815,2025-03-02T15:30:00Z,FINISHED,2312,,583,Moreirense FC,9136,CF Estrela da Amadora,Draw,1,1
503817,2025-03-02T18:00:00Z,FINISHED,2312,,5602,SC Farense,10340,AVS,AVS,0,1
503812,2025-03-02T20:30:00Z,FINISHED,2312,,496,Rio Ave FC,5613,Sporting Clube de Braga,Rio Ave FC,2,1
503813,2025-03-03T20:15:00Z,FINISHED,2312,,498,Sporting Clube de Portugal,582,GD Estoril Praia,Sporting Clube de Portugal,3,1
503808,2025-03-07T20:15:00Z,FINISHED,2312,,9136,CF Estrela da Amadora,5533,Gil Vicente FC,Draw,1,1
503802,2025-03-08T15:30:00Z,FINISHED,2312,,10340,AVS,712,FC Arouca,FC Arouca,0,1
503809,2025-03-08T18:00:00Z,FINISHED,2312,,582,GD Estoril Praia,5602,SC Farense,Draw,2,2
503803,2025-03-08T18:00:00Z,FINISHED,2312,,1903,Sport Lisboa e Benfica,5529,CD Nacional,Sport Lisboa e Benfica,3,0
503801,2025-03-08T20:30:00Z,FINISHED,2312,,5613,Sporting Clube de Braga,503,FC Porto,Sporting Clube de Braga,1,0
503806,2025-03-09T15:30:00Z,FINISHED,2312,,5530,CD Santa Clara,583,Moreirense FC,Draw,1,1
503805,2025-03-09T18:00:00Z,FINISHED,2312,,6618,Casa Pia AC,498,Sporting Clube de Portugal,Sporting Clube de Portugal,1,3
503804,2025-03-09T20:30:00Z,FINISHED,2312,,810,Boavista FC,5543,Vitória SC,Vitória SC,1,2
503807,2025-03-10T20:15:00Z,FINISHED,2312,,5531,FC Famalicão,496,Rio Ave FC,FC Famalicão,1,0
503794,2025-03-15T15:30:00Z,FINISHED,2312,,5602,SC Farense,5613,Sporting Clube de Braga,Sporting Clube de Braga,0,1
503798,2025-03-15T15:30:00Z,FINISHED,2312,,5533,Gil Vicente FC,5530,CD Santa Clara,CD Santa Clara,0,1
503800,2025-03-15T18:00:00Z,FINISHED,2312,,503,FC Porto,10340,AVS,FC Porto,2,0
503799,2025-03-15T20:30:00Z,FINISHED,2312,,498,Sporting Clube de Portugal,5531,FC Famalicão,Sporting Clube de Portugal,3,1
503792,2025-03-16T15:30:00Z,FINISHED,2312,,5529,CD Nacional,6618,Casa Pia AC,CD Nacional,3,1
503797,2025-03-16T15:30:00Z,FINISHED,2312,,712,FC Arouca,582,GD Estoril Praia,Draw,1,1
503793,2025-03-16T18:00:00Z,FINISHED,2312,,496,Rio Ave FC,1903,Sport Lisboa e Benfica,Sport Lisboa e Benfica,2,3
503795,2025-03-16T20:30:00Z,FINISHED,2312,,5543,Vitória SC,9136,CF Estrela da Amadora,Vitória SC,2,0
503796,2025-03-16T20:30:00Z,FINISHED,2312,,583,Moreirense FC,810,Boavista FC,Moreirense FC,1,0
503811,2025-03-28T20:15:00Z,FINISHED,2312,,5533,Gil Vicente FC,1903,Sport Lisboa e Benfica,Sport Lisboa e Benfica,0,3
503788,2025-03-29T15:30:00Z,FINISHED,2312,,6618,Casa Pia AC,496,Rio Ave FC,Casa Pia AC,2,1
503790,2025-03-29T18:00:00Z,FINISHED,2312,,9136,CF Estrela da Amadora,498,Sporting Clube de Portugal,Sporting Clube de Portugal,0,3
503786,2025-03-29T20:30:00Z,FINISHED,2312,,5613,Sporting Clube de Braga,712,FC Arouca,Sporting Clube de Braga,2,1
503785,2025-03-30T14:30:00Z,FINISHED,2312,,5531,FC Famalicão,10340,AVS,FC Famalicão,4,1
503789,2025-03-30T14:30:00Z,FINISHED,2312,,5530,CD Santa Clara,5529,CD Nacional,CD Santa Clara,1,0
503791,2025-03-30T17:00:00Z,FINISHED,2312,,582,GD Estoril Praia,503,FC Porto,FC Porto,1,2
503784,2025-03-30T19:30:00Z,FINISHED,2312,,583,Moreirense FC,5543,Vitória SC,Draw,2,2
503787,2025-04-01T19:15:00Z,FINISHED,2312,,810,Boavista FC,5533,Gil Vicente FC,Gil Vicente FC,1,3
503783,2025-04-02T19:15:00Z,FINISHED,2312,,1903,Sport Lisboa e Benfica,5602,SC Farense,Sport Lisboa e Benfica,3,2
503780,2025-04-04T19:15:00Z,FINISHED,2312,,10340,AVS,582,GD Estoril Praia,GD Estoril Praia,0,3
503782,2025-04-05T17:00:00Z,FINISHED,2312,,712,FC Arouca,5531,FC Famalicão,FC Famalicão,1,2
503779,2025-04-05T19:30:00Z,FINISHED,2312,,5543,Vitória SC,5530,CD Santa Clara,Vitória SC,2,0
503781,2025-04-06T14:30:00Z,FINISHED,2312,,5533,Gil Vicente FC,583,Moreirense FC,Moreirense FC,0,1
503778,2025-04-06T17:00:00Z,FINISHED,2312,,5529,CD Nacional,9136,CF Estrela da Amadora,CF Estrela da Amadora,0,1
503777,2025-04-06T19:30:00Z,FINISHED,2312,,503,FC Porto,1903,Sport Lisboa e Benfica,Sport Lisboa e Benfica,1,4
503774,2025-04-07T17:45:00Z,FINISHED,2312,,5602,SC Farense,6618,Casa Pia AC,Draw,0,0
503776,2025-04-07T19:15:00Z,FINISHED,2312,,496,Rio Ave FC,810,Boavista FC,Boavista FC,0,2
503775,2025-04-07T19:45:00Z,FINISHED,2312,,498,Sporting Clube de Portugal,5613,Sporting Clube de Braga,Draw,1,1
503766,2025-04-11T19:15:00Z,FINISHED,2312,,5533,Gil Vicente FC,5543,Vitória SC,Vitória SC,0,1
503767,2025-04-12T14:30:00Z,FINISHED,2312,,5531,FC Famalicão,582,GD Estoril Praia,FC Famalicão,3,0
503769,2025-04-12T14:30:00Z,FINISHED,2312,,810,Boavista FC,5529,CD Nacional,CD Nacional,0,1
503771,2025-04-12T17:00:00Z,FINISHED,2312,,5530,CD Santa Clara,498,Sporting Clube de Portugal,Sporting Clube de Portugal,0,1
503770,2025-04-12T19:30:00Z,FINISHED,2312,,6618,Casa Pia AC,503,FC Porto,FC Porto,0,1
503773,2025-04-13T14:30:00Z,FINISHED,2312,,9136,CF Estrela da Amadora,5602,SC Farense,SC Farense,0,1
503765,2025-04-13T17:00:00Z,FINISHED,2312,,5613,Sporting Clube de Braga,10340,AVS,Sporting Clube de Braga,4,1
503768,2025-04-13T17:00:00Z,FINISHED,2312,,1903,Sport Lisboa e Benfica,712,FC Arouca,Draw,2,2
503772,2025-04-13T19:30:00Z,FINISHED,2312,,583,Moreirense FC,496,Rio Ave FC,Rio Ave FC,0,2
503756,2025-04-18T14:30:00Z,FINISHED,2312,,5602,SC Farense,810,Boavista FC,Boavista FC,0,1
503760,2025-04-18T14:30:00Z,FINISHED,2312,,496,Rio Ave FC,5530,CD Santa Clara,Draw,1,1
503764,2025-04-18T17:00:00Z,FINISHED,2312,,503,FC Porto,5531,FC Famalicão,FC Porto,2,1
503761,2025-04-18T19:30:00Z,FINISHED,2312,,498,Sporting Clube de Portugal,583,Moreirense FC,Sporting Clube de Portugal,3,1
503759,2025-04-19T14:30:00Z,FINISHED,2312,,5529,CD Nacional,5533,Gil Vicente FC,Gil Vicente FC,0,3
503762,2025-04-19T14:30:00Z,FINISHED,2312,,10340,AVS,6618,Casa Pia AC,Draw,1,1
503758,2025-04-19T17:00:00Z,FINISHED,2312,,582,GD Estoril Praia,5613,Sporting Clube de Braga,Sporting Clube de Braga,0,2
503763,2025-04-19T17:00:00Z,FINISHED,2312,,712,FC Arouca,9136,CF Estrela da Amadora,FC Arouca,1,0
503757,2025-04-19T19:30:00Z,FINISHED,2312,,5543,Vitória SC,1903,Sport Lisboa e Benfica,Sport Lisboa e Benfica,0,3
503750,2025-04-25T19:30:00Z,FINISHED,2312,,5531,FC Famalicão,5613,Sporting Clube de Braga,Draw,1,1
503748,2025-04-26T14:30:00Z,FINISHED,2312,,5530,CD Santa Clara,712,FC Arouca,CD Santa Clara,2,0
503749,2025-04-26T17:00:00Z,FINISHED,2312,,5533,Gil Vicente FC,5602,SC Farense,Gil Vicente FC,1,0
503754,2025-04-26T19:30:00Z,FINISHED,2312,,9136,CF Estrela da Amadora,503,FC Porto,CF Estrela da Amadora,2,0
503753,2025-04-27T14:30:00Z,FINISHED,2312,,583,Moreirense FC,5529,CD Nacional,Draw,1,1
503747,2025-04-27T17:00:00Z,FINISHED,2312,,1903,Sport Lisboa e Benfica,10340,AVS,Sport Lisboa e Benfica,6,0
503751,2025-04-27T17:00:00Z,FINISHED,2312,,5543,Vitória SC,496,Rio Ave FC,Vitória SC,3,0
503752,2025-04-27T19:30:00Z,FINISHED,2312,,810,Boavista FC,498,Sporting Clube de Portugal,Sporting Clube de Portugal,0,5
503755,2025-04-29T19:30:00Z,FINISHED,2312,,6618,Casa Pia AC,582,GD Estoril Praia,GD Estoril Praia,1,3
503743,2025-05-02T19:15:00Z,FINISHED,2312,,503,FC Porto,583,Moreirense FC,FC Porto,3,1
503740,2025-05-03T14:30:00Z,FINISHED,2312,,5529,CD Nacional,5543,Vitória SC,Vitória SC,1,2
503746,2025-05-03T14:30:00Z,FINISHED,2312,,5602,SC Farense,5531,FC Famalicão,SC Farense,2,1
503742,2025-05-03T17:00:00Z,FINISHED,2312,,5613,Sporting Clube de Braga,5530,CD Santa Clara,Draw,1,1
503739,2025-05-03T19:30:00Z,FINISHED,2312,,582,GD Estoril Praia,1903,Sport Lisboa e Benfica,Sport Lisboa e Benfica,1,2
503745,2025-05-04T17:00:00Z,FINISHED,2312,,712,FC Arouca,6618,Casa Pia AC,Draw,0,0
503738,2025-05-04T19:30:00Z,FINISHED,2312,,498,Sporting Clube de Portugal,5533,Gil Vicente FC,Sporting Clube de Portugal,2,1
503741,2025-05-05T18:30:00Z,FINISHED,2312,,496,Rio Ave FC,9136,CF Estrela da Amadora,Rio Ave FC,2,0
503744,2025-05-05T19:15:00Z,FINISHED,2312,,10340,AVS,810,Boavista FC,Boavista FC,1,2
503735,2025-05-10T14:30:00Z,FINISHED,2312,,5530,CD Santa Clara,5531,FC Famalicão,CD Santa Clara,2,1
503736,2025-05-10T14:30:00Z,FINISHED,2312,,5529,CD Nacional,496,Rio Ave FC,Draw,3,3
503737,2025-05-10T17:00:00Z,FINISHED,2312,,1903,Sport Lisboa e Benfica,498,Sporting Clube de Portugal,Draw,1,1
503730,2025-05-10T19:30:00Z,FINISHED,2312,,6618,Casa Pia AC,5613,Sporting Clube de Braga,Casa Pia AC,2,1
503731,2025-05-10T19:30:00Z,FINISHED,2312,,5533,Gil Vicente FC,712,FC Arouca,Draw,1,1
503734,2025-05-11T14:30:00Z,FINISHED,2312,,9136,CF Estrela da Amadora,10340,AVS,AVS,0,1
503729,2025-05-11T17:00:00Z,FINISHED,2312,,583,Moreirense FC,582,GD Estoril Praia,Draw,2,2
503732,2025-05-11T17:00:00Z,FINISHED,2312,,5543,Vitória SC,5602,SC Farense,SC Farense,1,2
503733,2025-05-11T19:30:00Z,FINISHED,2312,,810,Boavista FC,503,FC Porto,FC Porto,1,2
503721,2025-05-16T18:00:00Z,FINISHED,2312,,496,Rio Ave FC,5533,Gil Vicente FC,Draw,1,1
503724,2025-05-16T18:00:00Z,FINISHED,2312,,5531,FC Famalicão,6618,Casa Pia AC,FC Famalicão,2,1
503719,2025-05-17T17:00:00Z,FINISHED,2312,,582,GD Estoril Praia,9136,CF Estrela da Amadora,GD Estoril Praia,4,0
503722,2025-05-17T17:00:00Z,FINISHED,2312,,498,Sporting Clube de Portugal,5543,Vitória SC,Sporting Clube de Portugal,2,0
503723,2025-05-17T17:00:00Z,FINISHED,2312,,5613,Sporting Clube de Braga,1903,Sport Lisboa e Benfica,Draw,1,1
503725,2025-05-17T17:00:00Z,FINISHED,2312,,503,FC Porto,5529,CD Nacional,FC Porto,3,0
503726,2025-05-17T17:00:00Z,FINISHED,2312,,10340,AVS,583,Moreirense FC,Moreirense FC,0,3
503727,2025-05-17T17:00:00Z,FINISHED,2312,,712,FC Arouca,810,Boavista FC,FC Arouca,4,1
503728,2025-05-17T17:00:00Z,FINISHED,2312,,5602,SC Farense,5530,CD Santa Clara,CD Santa Clara,1,2
545700,2025-08-08T19:15:00Z,FINISHED,2433,,6618,Casa Pia AC,498,Sporting Clube de Portugal,Sporting Clube de Portugal,0,2
545706,2025-08-09T14:30:00Z,FINISHED,2433,,5529,CD Nacional,5533,Gil Vicente FC,Gil Vicente FC,0,2
545703,2025-08-09T19:30:00Z,FINISHED,2433,,712,FC Arouca,10340,AVS,FC Arouca,3,1
545707,2025-08-10T16:00:00Z,FINISHED,2433,,5531,FC Famalicão,5530,CD Santa Clara,FC Famalicão,3,0
545701,2025-08-10T19:30:00Z,FINISHED,2433,,5613,Sporting Clube de Braga,1049,CD Tondela,Sporting Clube de Braga,3,0
545705,2025-08-10T19:30:00Z,FINISHED,2433,,583,Moreirense FC,7822,FC Alverca,Moreirense FC,2,1
545704,2025-08-11T17:45:00Z,FINISHED,2433,,582,GD Estoril Praia,9136,CF Estrela da Amadora,Draw,1,1
545708,2025-08-11T19:45:00Z,FINISHED,2433,,503,FC Porto,5543,Vitória SC,FC Porto,3,0
545709,2025-08-15T14:45:00Z,FINISHED,2433,,10340,AVS,6618,Casa Pia AC,Casa Pia AC,0,2
545716,2025-08-16T14:30:00Z,FINISHED,2433,,1049,CD Tondela,5531,FC Famalicão,FC Famalicão,0,1
545714,2025-08-16T17:00:00Z,FINISHED,2433,,5543,Vitória SC,582,GD Estoril Praia,Vitória SC,3,2
545717,2025-08-16T19:30:00Z,FINISHED,2433,,9136,CF Estrela da Amadora,1903,Sport Lisboa e Benfica,Sport Lisboa e Benfica,0,1
545713,2025-08-17T14:30:00Z,FINISHED,2433,,496,Rio Ave FC,5529,CD Nacional,Draw,1,1
545710,2025-08-17T17:00:00Z,FINISHED,2433,,7822,FC Alverca,5613,Sporting Clube de Braga,Sporting Clube de Braga,0,3
545712,2025-08-17T17:00:00Z,FINISHED,2433,,5530,CD Santa Clara,583,Moreirense FC,Moreirense FC,0,1
545715,2025-08-17T19:30:00Z,FINISHED,2433,,498,Sporting Clube de Portugal,712,FC Arouca,Sporting Clube de Portugal,6,0
545711,2025-08-18T19:15:00Z,FINISHED,2433,,5533,Gil Vicente FC,503,FC Porto,FC Porto,0,2
545726,2025-08-23T15:00:00Z,FINISHED,2433,,583,Moreirense FC,5543,Vitória SC,Moreirense FC,2,0
545718,2025-08-23T17:00:00Z,FINISHED,2433,,5529,CD Nacional,498,Sporting Clube de Portugal,Sporting Clube de Portugal,1,4
545719,2025-08-23T19:30:00Z,FINISHED,2433,,712,FC Arouca,496,Rio Ave FC,Draw,3,3
545721,2025-08-23T19:30:00Z,FINISHED,2433,,1903,Sport Lisboa e Benfica,1049,CD Tondela,Sport Lisboa e Benfica,3,0
545720,2025-08-24T14:30:00Z,FINISHED,2433,,5531,FC Famalicão,5533,Gil Vicente FC,Draw,0,0
545723,2025-08-24T17:00:00Z,FINISHED,2433,,503,FC Porto,6618,Casa Pia AC,FC Porto,4,0
545722,2025-08-24T19:30:00Z,FINISHED,2433,,5613,Sporting Clube de Braga,10340,AVS,Draw,2,2
545724,2025-08-25T19:15:00Z,FINISHED,2433,,9136,CF Estrela da Amadora,7822,FC Alverca,Draw,2,2
545730,2025-08-29T19:15:00Z,FINISHED,2433,,5533,Gil Vicente FC,583,Moreirense FC,Gil Vicente FC,2,0
545728,2025-08-30T14:30:00Z,FINISHED,2433,,6618,Casa Pia AC,5529,CD Nacional,CD Nacional,0,2
545727,2025-08-30T17:00:00Z,FINISHED,2433,,10340,AVS,5531,FC Famalicão,FC Famalicão,0,1
545733,2025-08-30T17:00:00Z,FINISHED,2433,,5543,Vitória SC,712,FC Arouca,Draw,1,1
545734,2025-08-30T19:30:00Z,FINISHED,2433,,498,Sporting Clube de Portugal,503,FC Porto,FC Porto,1,2
545732,2025-08-31T14:30:00Z,FINISHED,2433,,1049,CD Tondela,582,GD Estoril Praia,Draw,2,2
545729,2025-08-31T17:00:00Z,FINISHED,2433,,7822,FC Alverca,1903,Sport Lisboa e Benfica,Sport Lisboa e Benfica,1,2
545731,2025-08-31T19:30:00Z,FINISHED,2433,,5530,CD Santa Clara,9136,CF Estrela da Amadora,Draw,0,0
545735,2025-08-31T19:30:00Z,FINISHED,2433,,496,Rio Ave FC,5613,Sporting Clube de Braga,Draw,2,2
545725,2025-09-06T19:30:00Z,FINISHED,2433,,582,GD Estoril Praia,5530,CD Santa Clara,CD Santa Clara,0,1
545737,2025-09-12T19:15:00Z,FINISHED,2433,,7822,FC Alverca,1049,CD Tondela,FC Alverca,1,0
545742,2025-09-12T19:15:00Z,FINISHED,2433,,1903,Sport Lisboa e Benfica,5530,CD Santa Clara,Draw,1,1
545740,2025-09-13T14:30:00Z,FINISHED,2433,,583,Moreirense FC,496,Rio Ave FC,Moreirense FC,3,1
545743,2025-09-13T14:30:00Z,FINISHED,2433,,582,GD Estoril Praia,10340,AVS,GD Estoril Praia,3,1
545744,2025-09-13T17:00:00Z,FINISHED,2433,,503,FC Porto,5529,CD Nacional,FC Porto,1,0
545739,2025-09-13T19:30:00Z,FINISHED,2433,,5531,FC Famalicão,498,Sporting Clube de Portugal,Sporting Clube de Portugal,1,2
545736,2025-09-14T14:30:00Z,FINISHED,2433,,9136,CF Estrela da Amadora,5543,Vitória SC,Vitória SC,0,2
545738,2025-09-14T17:00:00Z,FINISHED,2433,,712,FC Arouca,6618,Casa Pia AC,Casa Pia AC,0,2
545741,2025-09-14T19:30:00Z,FINISHED,2433,,5613,Sporting Clube de Braga,5533,Gil Vicente FC,Gil Vicente FC,0,1
545751,2025-09-19T19:15:00Z,FINISHED,2433,,496,Rio Ave FC,503,FC Porto,FC Porto,0,3
545749,2025-09-20T14:30:00Z,FINISHED,2433,,5530,CD Santa Clara,7822,FC Alverca,CD Santa Clara,2,1
545750,2025-09-20T14:30:00Z,FINISHED,2433,,5529,CD Nacional,712,FC Arouca,FC Arouca,1,2
545745,2025-09-20T17:00:00Z,FINISHED,2433,,10340,AVS,1903,Sport Lisboa e Benfica,Sport Lisboa e Benfica,0,3
545753,2025-09-20T19:30:00Z,FINISHED,2433,,5543,Vitória SC,5613,Sporting Clube de Braga,Draw,1,1
545748,2025-09-21T14:30:00Z,FINISHED,2433,,1049,CD Tondela,9136,CF Estrela da Amadora,Draw,0,0
545747,2025-09-21T17:00:00Z,FINISHED,2433,,5533,Gil Vicente FC,582,GD Estoril Praia,Gil Vicente FC,2,0
545746,2025-09-21T19:30:00Z,FINISHED,2433,,6618,Casa Pia AC,5531,FC Famalicão,Draw,1,1
545752,2025-09-22T19:15:00Z,FINISHED,2433,,498,Sporting Clube de Portugal,583,Moreirense FC,Sporting Clube de Portugal,3,0
545702,2025-09-23T19:15:00Z,FINISHED,2433,,1903,Sport Lisboa e Benfica,496,Rio Ave FC,Draw,1,1
545760,2025-09-26T19:15:00Z,FINISHED,2433,,1903,Sport Lisboa e Benfica,5533,Gil Vicente FC,Sport Lisboa e Benfica,2,1
545762,2025-09-27T14:30:00Z,FINISHED,2433,,583,Moreirense FC,6618,Casa Pia AC,Moreirense FC,2,1
545758,2025-09-27T15:30:00Z,FINISHED,2433,,5530,CD Santa Clara,1049,CD Tondela,CD Tondela,1,2
545761,2025-09-27T17:00:00Z,FINISHED,2433,,9136,CF Estrela da Amadora,10340,AVS,CF Estrela da Amadora,3,0
545754,2025-09-27T19:30:00Z,FINISHED,2433,,582,GD Estoril Praia,498,Sporting Clube de Portugal,Sporting Clube de Portugal,0,1
545755,2025-09-28T14:30:00Z,FINISHED,2433,,7822,FC Alverca,5543,Vitória SC,FC Alverca,2,0
545759,2025-09-28T17:00:00Z,FINISHED,2433,,5613,Sporting Clube de Braga,5529,CD Nacional,CD Nacional,0,1
545757,2025-09-28T19:30:00Z,FINISHED,2433,,5531,FC Famalicão,496,Rio Ave FC,Draw,0,0
545756,2025-09-29T19:00:00Z,FINISHED,2433,,712,FC Arouca,503,FC Porto,FC Porto,0,4
545764,2025-10-03T19:15:00Z,FINISHED,2433,,6618,Casa Pia AC,582,GD Estoril Praia,Draw,2,2
545767,2025-10-04T14:30:00Z,FINISHED,2433,,5533,Gil Vicente FC,9136,CF Estrela da Amadora,Gil Vicente FC,2,0
545768,2025-10-04T14:30:00Z,FINISHED,2433,,5529,CD Nacional,583,Moreirense FC,CD Nacional,3,2
545763,2025-10-04T17:00:00Z,FINISHED,2433,,10340,AVS,7822,FC Alverca,FC Alverca,1,3
545769,2025-10-04T19:30:00Z,FINISHED,2433,,5543,Vitória SC,5530,CD Santa Clara,Vitória SC,2,1
545765,2025-10-05T14:30:00Z,FINISHED,2433,,712,FC Arouca,5531,FC Famalicão,Draw,1,1
545766,2025-10-05T16:30:00Z,FINISHED,2433,,496,Rio Ave FC,1049,CD Tondela,Rio Ave FC,3,0
545770,2025-10-05T18:15:00Z,FINISHED,2433,,498,Sporting Clube de Portugal,5613,Sporting Clube de Braga,Draw,1,1
545771,2025-10-05T20:15:00Z,FINISHED,2433,,503,FC Porto,1903,Sport Lisboa e Benfica,Draw,0,0
545774,2025-10-24T19:15:00Z,FINISHED,2433,,7822,FC Alverca,5533,Gil Vicente FC,Gil Vicente FC,0,4
545778,2025-10-25T17:00:00Z,FINISHED,2433,,5530,CD Santa Clara,10340,AVS,CD Santa Clara,2,0
545773,2025-10-25T19:30:00Z,FINISHED,2433,,9136,CF Estrela da Amadora,496,Rio Ave FC,Rio Ave FC,1,2
545779,2025-10-25T19:30:00Z,FINISHED,2433,,1903,Sport Lisboa e Benfica,712,FC Arouca,Sport Lisboa e Benfica,5,0
545772,2025-10-26T15:30:00Z,FINISHED,2433,,582,GD Estoril Praia,5529,CD Nacional,Draw,1,1
545775,2025-10-26T15:30:00Z,FINISHED,2433,,5531,FC Famalicão,5543,Vitória SC,FC Famalicão,2,0
545780,2025-10-26T18:00:00Z,FINISHED,2433,,1049,CD Tondela,498,Sporting Clube de Portugal,Sporting Clube de Portugal,0,3
545777,2025-10-26T20:30:00Z,FINISHED,2433,,5613,Sporting Clube de Braga,6618,Casa Pia AC,Sporting Clube de Braga,4,0
545776,2025-10-27T20:15:00Z,FINISHED,2433,,583,Moreirense FC,503,FC Porto,FC Porto,1,2
545785,2025-10-31T20:15:00Z,FINISHED,2433,,498,Sporting Clube de Portugal,7822,FC Alverca,Sporting Clube de Portugal,2,0
545786,2025-11-01T15:30:00Z,FINISHED,2433,,5529,CD Nacional,5531,FC Famalicão,FC Famalicão,0,1
545782,2025-11-01T18:00:00Z,FINISHED,2433,,6618,Casa Pia AC,9136,CF Estrela da Amadora,CF Estrela da Amadora,3,5
545784,2025-11-01T18:00:00Z,FINISHED,2433,,496,Rio Ave FC,582,GD Estoril Praia,GD Estoril Praia,0,4
545789,2025-11-01T20:30:00Z,FINISHED,2433,,5543,Vitória SC,1903,Sport Lisboa e Benfica,Sport Lisboa e Benfica,0,3
545781,2025-11-02T15:30:00Z,FINISHED,2433,,10340,AVS,1049,CD Tondela,Draw,2,2
545783,2025-11-02T18:00:00Z,FINISHED,2433,,712,FC Arouca,583,Moreirense FC,Moreirense FC,0,2
545788,2025-11-02T20:30:00Z,FINISHED,2433,,503,FC Porto,5613,Sporting Clube de Braga,FC Porto,2,1
545787,2025-11-03T20:45:00Z,FINISHED,2433,,5533,Gil Vicente FC,5530,CD Santa Clara,Gil Vicente FC,1,0
545797,2025-11-07T20:15:00Z,FINISHED,2433,,582,GD Estoril Praia,712,FC Arouca,GD Estoril Praia,4,3
545792,2025-11-08T15:30:00Z,FINISHED,2433,,7822,FC Alverca,496,Rio Ave FC,Draw,1,1
545798,2025-11-08T18:00:00Z,FINISHED,2433,,1049,CD Tondela,5543,Vitória SC,Vitória SC,0,1
545794,2025-11-08T20:30:00Z,FINISHED,2433,,5530,CD Santa Clara,498,Sporting Clube de Portugal,Sporting Clube de Portugal,1,2
545790,2025-11-09T15:30:00Z,FINISHED,2433,,10340,AVS,5533,Gil Vicente FC,Draw,1,1
545791,2025-11-09T15:30:00Z,FINISHED,2433,,9136,CF Estrela da Amadora,5529,CD Nacional,Draw,1,1
545793,2025-11-09T18:00:00Z,FINISHED,2433,,5531,FC Famalicão,503,FC Porto,FC Porto,0,1
545795,2025-11-09T20:30:00Z,FINISHED,2433,,5613,Sporting Clube de Braga,583,Moreirense FC,Sporting Clube de Braga,2,1
545796,2025-11-09T20:30:00Z,FINISHED,2433,,1903,Sport Lisboa e Benfica,6618,Casa Pia AC,Draw,2,2
545801,2025-11-28T20:15:00Z,FINISHED,2433,,5543,Vitória SC,10340,AVS,Vitória SC,4,0
545804,2025-11-29T15:30:00Z,FINISHED,2433,,6618,Casa Pia AC,7822,FC Alverca,FC Alverca,0,2
545805,2025-11-29T15:30:00Z,FINISHED,2433,,583,Moreirense FC,5531,FC Famalicão,Draw,2,2
545807,2025-11-29T18:00:00Z,FINISHED,2433,,5529,CD Nacional,1903,Sport Lisboa e Benfica,Sport Lisboa e Benfica,1,2
545800,2025-11-29T20:30:00Z,FINISHED,2433,,5533,Gil Vicente FC,1049,CD Tondela,CD Tondela,0,1
545806,2025-11-30T15:30:00Z,FINISHED,2433,,496,Rio Ave FC,5530,CD Santa Clara,Draw,1,1
545803,2025-11-30T18:00:00Z,FINISHED,2433,,498,Sporting Clube de Portugal,9136,CF Estrela da Amadora,Sporting Clube de Portugal,4,0
545802,2025-11-30T20:30:00Z,FINISHED,2433,,503,FC Porto,582,GD Estoril Praia,FC Porto,1,0
545799,2025-12-01T20:15:00Z,FINISHED,2433,,712,FC Arouca,5613,Sporting Clube de Braga,Sporting Clube de Braga,0,4
545812,2025-12-05T20:15:00Z,FINISHED,2433,,1903,Sport Lisboa e Benfica,498,Sporting Clube de Portugal,Draw,1,1
545811,2025-12-06T15:30:00Z,FINISHED,2433,,5530,CD Santa Clara,6618,Casa Pia AC,CD Santa Clara,1,0
545808,2025-12-06T18:00:00Z,FINISHED,2433,,10340,AVS,496,Rio Ave FC,Rio Ave FC,1,2
545816,2025-12-06T20:30:00Z,FINISHED,2433,,5531,FC Famalicão,5613,Sporting Clube de Braga,Sporting Clube de Braga,1,2
545809,2025-12-07T15:30:00Z,FINISHED,2433,,582,GD Estoril Praia,583,Moreirense FC,Draw,3,3
545810,2025-12-07T18:00:00Z,FINISHED,2433,,7822,FC Alverca,5529,CD Nacional,FC Alverca,1,0
545814,2025-12-07T18:00:00Z,FINISHED,2433,,9136,CF Estrela da Amadora,712,FC Arouca,CF Estrela da Amadora,3,1
545815,2025-12-07T20:30:00Z,FINISHED,2433,,1049,CD Tondela,503,FC Porto,FC Porto,0,2
545813,2025-12-08T20:30:00Z,FINISHED,2433,,5543,Vitória SC,5533,Gil Vicente FC,Draw,0,0
545817,2025-12-13T15:30:00Z,FINISHED,2433,,6618,Casa Pia AC,5533,Gil Vicente FC,Draw,1,1
545825,2025-12-13T18:00:00Z,FINISHED,2433,,496,Rio Ave FC,5543,Vitória SC,Vitória SC,0,1
545820,2025-12-13T20:30:00Z,FINISHED,2433,,498,Sporting Clube de Portugal,10340,AVS,Sporting Clube de Portugal,6,0
545821,2025-12-14T15:30:00Z,FINISHED,2433,,5531,FC Famalicão,582,GD Estoril Praia,FC Famalicão,4,0
545824,2025-12-14T18:00:00Z,FINISHED,2433,,583,Moreirense FC,1903,Sport Lisboa e Benfica,Sport Lisboa e Benfica,0,4
545823,2025-12-14T20:30:00Z,FINISHED,2433,,712,FC Arouca,7822,FC Alverca,FC Arouca,1,0
545818,2025-12-15T17:30:00Z,FINISHED,2433,,5529,CD Nacional,1049,CD Tondela,CD Nacional,3,1
545819,2025-12-15T18:45:00Z,FINISHED,2433,,5613,Sporting Clube de Braga,5530,CD Santa Clara,Sporting Clube de Braga,1,0
545822,2025-12-15T20:45:00Z,FINISHED,2433,,503,FC Porto,9136,CF Estrela da Amadora,FC Porto,3,1
545834,2025-12-19T20:15:00Z,FINISHED,2433,,582,GD Estoril Praia,5613,Sporting Clube de Braga,GD Estoril Praia,1,0
545829,2025-12-20T18:00:00Z,FINISHED,2433,,5533,Gil Vicente FC,496,Rio Ave FC,Draw,2,2
545827,2025-12-20T20:30:00Z,FINISHED,2433,,9136,CF Estrela da Amadora,583,Moreirense FC,Draw,0,0
545826,2025-12-21T15:30:00Z,FINISHED,2433,,10340,AVS,5529,CD Nacional,Draw,2,2
545832,2025-12-21T18:00:00Z,FINISHED,2433,,1049,CD Tondela,6618,Casa Pia AC,Casa Pia AC,1,2
545833,2025-12-21T20:30:00Z,FINISHED,2433,,5530,CD Santa Clara,712,FC Arouca,Draw,0,0
545828,2025-12-22T18:45:00Z,FINISHED,2433,,7822,FC Alverca,503,FC Porto,FC Porto,0,3
545830,2025-12-22T20:45:00Z,FINISHED,2433,,1903,Sport Lisboa e Benfica,5531,FC Famalicão,Sport Lisboa e Benfica,1,0
545831,2025-12-23T20:45:00Z,FINISHED,2433,,5543,Vitória SC,498,Sporting Clube de Portugal,Sporting Clube de Portugal,1,4
545839,2025-12-27T18:00:00Z,FINISHED,2433,,5531,FC Famalicão,9136,CF Estrela da Amadora,CF Estrela da Amadora,2,3
545840,2025-12-27T20:30:00Z,FINISHED,2433,,582,GD Estoril Praia,7822,FC Alverca,GD Estoril Praia,4,1
545835,2025-12-28T15:30:00Z,FINISHED,2433,,6618,Casa Pia AC,5543,Vitória SC,Draw,0,0
545836,2025-12-28T15:30:00Z,FINISHED,2433,,712,FC Arouca,5533,Gil Vicente FC,Draw,2,2
545843,2025-12-28T18:00:00Z,FINISHED,2433,,5613,Sporting Clube de Braga,1903,Sport Lisboa e Benfica,Draw,2,2
545841,2025-12-28T20:30:00Z,FINISHED,2433,,498,Sporting Clube de Portugal,496,Rio Ave FC,Sporting Clube de Portugal,4,0
545838,2025-12-29T20:15:00Z,FINISHED,2433,,503,FC Porto,10340,AVS,FC Porto,2,0
545846,2026-01-02T18:45:00Z,FINISHED,2433,,5533,Gil Vicente FC,498,Sporting Clube de Portugal,Draw,1,1
545849,2026-01-02T20:45:00Z,FINISHED,2433,,5543,Vitória SC,5529,CD Nacional,Vitória SC,2,1
545851,2026-01-03T15:30:00Z,FINISHED,2433,,1049,CD Tondela,712,FC Arouca,CD Tondela,3,1
545848,2026-01-03T18:00:00Z,FINISHED,2433,,1903,Sport Lisboa e Benfica,582,GD Estoril Praia,Sport Lisboa e Benfica,3,1
545852,2026-01-03T18:00:00Z,FINISHED,2433,,9136,CF Estrela da Amadora,5613,Sporting Clube de Braga,Draw,3,3
545844,2026-01-03T20:30:00Z,FINISHED,2433,,10340,AVS,583,Moreirense FC,Moreirense FC,0,2
545850,2026-01-04T15:30:00Z,FINISHED,2433,,496,Rio Ave FC,6618,Casa Pia AC,Rio Ave FC,3,1
545847,2026-01-04T18:00:00Z,FINISHED,2433,,5530,CD Santa Clara,503,FC Porto,FC Porto,0,1
545845,2026-01-04T20:30:00Z,FINISHED,2433,,7822,FC Alverca,5531,FC Famalicão,FC Alverca,1,0
545842,2026-01-11T15:30:00Z,FINISHED,2433,,5529,CD Nacional,5530,CD Santa Clara,Draw,3,3
545837,2026-01-11T18:00:00Z,FINISHED,2433,,583,Moreirense FC,1049,CD Tondela,Moreirense FC,1,0
545853,2026-01-16T20:15:00Z,FINISHED,2433,,498,Sporting Clube de Portugal,6618,Casa Pia AC,Sporting Clube de Portugal,3,0
545859,2026-01-17T15:30:00Z,FINISHED,2433,,5533,Gil Vicente FC,5529,CD Nacional,Gil Vicente FC,2,1
545856,2026-01-17T18:00:00Z,FINISHED,2433,,10340,AVS,712,FC Arouca,FC Arouca,0,1
545858,2026-01-17T18:00:00Z,FINISHED,2433,,7822,FC Alverca,583,Moreirense FC,FC Alverca,2,1
545855,2026-01-17T20:30:00Z,FINISHED,2433,,496,Rio Ave FC,1903,Sport Lisboa e Benfica,Sport Lisboa e Benfica,0,2
545860,2026-01-18T15:30:00Z,FINISHED,2433,,5530,CD Santa Clara,5531,FC Famalicão,FC Famalicão,0,1
545854,2026-01-18T18:00:00Z,FINISHED,2433,,1049,CD Tondela,5613,Sporting Clube de Braga,Sporting Clube de Braga,0,1
545861,2026-01-18T20:30:00Z,FINISHED,2433,,5543,Vitória SC,503,FC Porto,FC Porto,0,1
545857,2026-01-19T20:15:00Z,FINISHED,2433,,9136,CF Estrela da Amadora,582,GD Estoril Praia,GD Estoril Praia,0,5
545862,2026-01-23T20:15:00Z,FINISHED,2433,,6618,Casa Pia AC,10340,AVS,Draw,3,3
545865,2026-01-24T15:30:00Z,FINISHED,2433,,583,Moreirense FC,5530,CD Santa Clara,Moreirense FC,1,0
545868,2026-01-24T18:00:00Z,FINISHED,2433,,712,FC Arouca,498,Sporting Clube de Portugal,Sporting Clube de Portugal,1,2
545867,2026-01-24T20:30:00Z,FINISHED,2433,,582,GD Estoril Praia,5543,Vitória SC,GD Estoril Praia,4,2
545866,2026-01-25T15:30:00Z,FINISHED,2433,,5529,CD Nacional,496,Rio Ave FC,CD Nacional,4,0
545869,2026-01-25T18:00:00Z,FINISHED,2433,,5531,FC Famalicão,1049,CD Tondela,FC Famalicão,3,0
545870,2026-01-25T18:00:00Z,FINISHED,2433,,1903,Sport Lisboa e Benfica,9136,CF Estrela da Amadora,Sport Lisboa e Benfica,4,0
545863,2026-01-25T20:30:00Z,FINISHED,2433,,5613,Sporting Clube de Braga,7822,FC Alverca,Sporting Clube de Braga,5,0
545864,2026-01-26T20:15:00Z,FINISHED,2433,,503,FC Porto,5533,Gil Vicente FC,FC Porto,3,0
545879,2026-01-30T20:45:00Z,FINISHED,2433,,5543,Vitória SC,583,Moreirense FC,Vitória SC,1,0
545878,2026-01-31T15:30:00Z,FINISHED,2433,,5530,CD Santa Clara,582,GD Estoril Praia,GD Estoril Praia,2,4
545872,2026-01-31T18:00:00Z,FINISHED,2433,,496,Rio Ave FC,712,FC Arouca,FC Arouca,0,3
545877,2026-01-31T20:30:00Z,FINISHED,2433,,7822,FC Alverca,9136,CF Estrela da Amadora,Draw,1,1
545873,2026-02-01T15:30:00Z,FINISHED,2433,,5533,Gil Vicente FC,5531,FC Famalicão,Gil Vicente FC,5,0
545871,2026-02-01T18:00:00Z,FINISHED,2433,,498,Sporting Clube de Portugal,5529,CD Nacional,Sporting Clube de Portugal,2,1
545874,2026-02-01T20:30:00Z,FINISHED,2433,,1049,CD Tondela,1903,Sport Lisboa e Benfica,Draw,0,0
545875,2026-02-02T18:45:00Z,FINISHED,2433,,10340,AVS,5613,Sporting Clube de Braga,Sporting Clube de Braga,0,4
545876,2026-02-02T20:45:00Z,FINISHED,2433,,6618,Casa Pia AC,503,FC Porto,Casa Pia AC,2,1
545883,2026-02-07T15:30:00Z,FINISHED,2433,,583,Moreirense FC,5533,Gil Vicente FC,Gil Vicente FC,1,2
545884,2026-02-07T15:30:00Z,FINISHED,2433,,9136,CF Estrela da Amadora,5530,CD Santa Clara,CF Estrela da Amadora,1,0
545885,2026-02-07T18:00:00Z,FINISHED,2433,,582,GD Estoril Praia,1049,CD Tondela,Draw,2,2
545886,2026-02-07T20:30:00Z,FINISHED,2433,,712,FC Arouca,5543,Vitória SC,FC Arouca,3,2
545881,2026-02-08T15:30:00Z,FINISHED,2433,,5529,CD Nacional,6618,Casa Pia AC,Draw,0,0
545888,2026-02-08T18:00:00Z,FINISHED,2433,,5613,Sporting Clube de Braga,496,Rio Ave FC,Sporting Clube de Braga,3,0
545882,2026-02-08T20:30:00Z,FINISHED,2433,,1903,Sport Lisboa e Benfica,7822,FC Alverca,Sport Lisboa e Benfica,2,1
545880,2026-02-09T18:45:00Z,FINISHED,2433,,5531,FC Famalicão,10340,AVS,FC Famalicão,3,1
545887,2026-02-09T20:45:00Z,FINISHED,2433,,503,FC Porto,498,Sporting Clube de Portugal,Draw,1,1
545895,2026-02-13T18:30:00Z,FINISHED,2433,,5530,CD Santa Clara,1903,Sport Lisboa e Benfica,Sport Lisboa e Benfica,1,2
545890,2026-02-13T20:45:00Z,FINISHED,2433,,1049,CD Tondela,7822,FC Alverca,Draw,1,1
545891,2026-02-14T15:30:00Z,FINISHED,2433,,6618,Casa Pia AC,712,FC Arouca,Casa Pia AC,3,2
545889,2026-02-14T18:00:00Z,FINISHED,2433,,5543,Vitória SC,9136,CF Estrela da Amadora,Vitória SC,2,1
545894,2026-02-14T20:30:00Z,FINISHED,2433,,5533,Gil Vicente FC,5613,Sporting Clube de Braga,Gil Vicente FC,2,1
545897,2026-02-15T15:30:00Z,FINISHED,2433,,5529,CD Nacional,503,FC Porto,FC Porto,0,1
545896,2026-02-15T18:00:00Z,FINISHED,2433,,10340,AVS,582,GD Estoril Praia,AVS,3,0
545892,2026-02-15T20:30:00Z,FINISHED,2433,,498,Sporting Clube de Portugal,5531,FC Famalicão,Sporting Clube de Portugal,1,0
545893,2026-02-16T20:15:00Z,FINISHED,2433,,496,Rio Ave FC,583,Moreirense FC,Moreirense FC,1,2
545901,2026-02-20T20:45:00Z,FINISHED,2433,,9136,CF Estrela da Amadora,1049,CD Tondela,CD Tondela,0,2
545902,2026-02-21T15:30:00Z,FINISHED,2433,,7822,FC Alverca,5530,CD Santa Clara,Draw,1,1
545903,2026-02-21T15:30:00Z,FINISHED,2433,,712,FC Arouca,5529,CD Nacional,FC Arouca,3,0
545898,2026-02-21T18:00:00Z,FINISHED,2433,,1903,Sport Lisboa e Benfica,10340,AVS,Sport Lisboa e Benfica,3,0
545905,2026-02-21T18:00:00Z,FINISHED,2433,,583,Moreirense FC,498,Sporting Clube de Portugal,Sporting Clube de Portugal,0,3
545906,2026-02-21T20:30:00Z,FINISHED,2433,,5613,Sporting Clube de Braga,5543,Vitória SC,Sporting Clube de Braga,3,2
545900,2026-02-22T18:00:00Z,FINISHED,2433,,582,GD Estoril Praia,5533,Gil Vicente FC,GD Estoril Praia,3,1
545904,2026-02-22T20:30:00Z,FINISHED,2433,,503,FC Porto,496,Rio Ave FC,FC Porto,1,0
545899,2026-02-23T20:15:00Z,FINISHED,2433,,5531,FC Famalicão,6618,Casa Pia AC,FC Famalicão,2,0
545909,2026-02-27T18:45:00Z,FINISHED,2433,,503,FC Porto,712,FC Arouca,FC Porto,3,1
545907,2026-02-27T20:45:00Z,FINISHED,2433,,498,Sporting Clube de Portugal,582,GD Estoril Praia,Sporting Clube de Portugal,3,0
545914,2026-02-28T15:30:00Z,FINISHED,2433,,10340,AVS,9136,CF Estrela da Amadora,Draw,0,0
545912,2026-02-28T18:00:00Z,FINISHED,2433,,5529,CD Nacional,5613,Sporting Clube de Braga,Sporting Clube de Braga,1,2
545908,2026-02-28T20:30:00Z,FINISHED,2433,,5543,Vitória SC,7822,FC Alverca,Draw,1,1
545911,2026-03-01T15:30:00Z,FINISHED,2433,,1049,CD Tondela,5530,CD Santa Clara,Draw,2,2
545915,2026-03-01T18:00:00Z,FINISHED,2433,,6618,Casa Pia AC,583,Moreirense FC,Draw,1,1
545910,2026-03-01T20:30:00Z,FINISHED,2433,,496,Rio Ave FC,5531,FC Famalicão,Draw,0,0
545913,2026-03-02T20:15:00Z,FINISHED,2433,,5533,Gil Vicente FC,1903,Sport Lisboa e Benfica,Sport Lisboa e Benfica,1,2
545918,2026-03-06T20:15:00Z,FINISHED,2433,,5531,FC Famalicão,712,FC Arouca,FC Famalicão,1,0
545916,2026-03-07T15:30:00Z,FINISHED,2433,,7822,FC Alverca,10340,AVS,Draw,0,0
545921,2026-03-07T15:30:00Z,FINISHED,2433,,583,Moreirense FC,5529,CD Nacional,Draw,1,1
545923,2026-03-07T18:00:00Z,FINISHED,2433,,5613,Sporting Clube de Braga,498,Sporting Clube de Portugal,Draw,2,2
545917,2026-03-07T20:30:00Z,FINISHED,2433,,582,GD Estoril Praia,6618,Casa Pia AC,Draw,0,0
545920,2026-03-08T15:30:00Z,FINISHED,2433,,9136,CF Estrela da Amadora,5533,Gil Vicente FC,Draw,2,2
545924,2026-03-08T18:00:00Z,FINISHED,2433,,1903,Sport Lisboa e Benfica,503,FC Porto,Draw,2,2
545922,2026-03-08T20:30:00Z,FINISHED,2433,,5530,CD Santa Clara,5543,Vitória SC,CD Santa Clara,2,0
545919,2026-03-09T20:15:00Z,FINISHED,2433,,1049,CD Tondela,496,Rio Ave FC,Rio Ave FC,0,1
545928,2026-03-14T15:30:00Z,FINISHED,2433,,5543,Vitória SC,5531,FC Famalicão,FC Famalicão,1,2
545927,2026-03-14T18:00:00Z,FINISHED,2433,,5533,Gil Vicente FC,7822,FC Alverca,Draw,2,2
545932,2026-03-14T20:30:00Z,FINISHED,2433,,712,FC Arouca,1903,Sport Lisboa e Benfica,Sport Lisboa e Benfica,1,2
545925,2026-03-15T15:30:00Z,FINISHED,2433,,5529,CD Nacional,582,GD Estoril Praia,GD Estoril Praia,0,1
545931,2026-03-15T15:30:00Z,FINISHED,2433,,10340,AVS,5530,CD Santa Clara,CD Santa Clara,0,1
545926,2026-03-15T18:00:00Z,FINISHED,2433,,496,Rio Ave FC,9136,CF Estrela da Amadora,Rio Ave FC,2,1
545929,2026-03-15T20:30:00Z,FINISHED,2433,,503,FC Porto,583,Moreirense FC,FC Porto,3,0
545935,2026-03-20T20:15:00Z,FINISHED,2433,,9136,CF Estrela da Amadora,6618,Casa Pia AC,CF Estrela da Amadora,4,0
545936,2026-03-21T15:30:00Z,FINISHED,2433,,583,Moreirense FC,712,FC Arouca,FC Arouca,0,1
545939,2026-03-21T15:30:00Z,FINISHED,2433,,5531,FC Famalicão,5529,CD Nacional,FC Famalicão,1,0
545940,2026-03-21T18:00:00Z,FINISHED,2433,,5530,CD Santa Clara,5533,Gil Vicente FC,CD Santa Clara,1,0
545942,2026-03-21T18:00:00Z,FINISHED,2433,,1903,Sport Lisboa e Benfica,5543,Vitória SC,Sport Lisboa e Benfica,3,0
545934,2026-03-21T20:30:00Z,FINISHED,2433,,1049,CD Tondela,10340,AVS,Draw,0,0
545937,2026-03-22T15:30:00Z,FINISHED,2433,,582,GD Estoril Praia,496,Rio Ave FC,Rio Ave FC,1,2
545938,2026-03-22T18:00:00Z,FINISHED,2433,,7822,FC Alverca,498,Sporting Clube de Portugal,Sporting Clube de Portugal,1,4
545941,2026-03-22T20:30:00Z,FINISHED,2433,,5613,Sporting Clube de Braga,503,FC Porto,FC Porto,1,2
545943,2026-04-03T14:30:00Z,FINISHED,2433,,5533,Gil Vicente FC,10340,AVS,Gil Vicente FC,3,0
545951,2026-04-03T17:00:00Z,FINISHED,2433,,5543,Vitória SC,1049,CD Tondela,Vitória SC,5,0
545947,2026-04-03T19:30:00Z,FINISHED,2433,,498,Sporting Clube de Portugal,5530,CD Santa Clara,Sporting Clube de Portugal,4,2
545944,2026-04-04T14:30:00Z,FINISHED,2433,,5529,CD Nacional,9136,CF Estrela da Amadora,CD Nacional,2,0
545945,2026-04-04T17:00:00Z,FINISHED,2433,,496,Rio Ave FC,7822,FC Alverca,FC Alverca,1,2
545948,2026-04-04T17:00:00Z,FINISHED,2433,,583,Moreirense FC,5613,Sporting Clube de Braga,Sporting Clube de Braga,0,1
545946,2026-04-04T19:30:00Z,FINISHED,2433,,503,FC Porto,5531,FC Famalicão,Draw,2,2
545950,2026-04-06T17:45:00Z,FINISHED,2433,,712,FC Arouca,582,GD Estoril Praia,FC Arouca,3,2
545949,2026-04-06T19:45:00Z,FINISHED,2433,,6618,Casa Pia AC,1903,Sport Lisboa e Benfica,Draw,1,1
545958,2026-04-10T19:45:00Z,FINISHED,2433,,5531,FC Famalicão,583,Moreirense FC,Draw,1,1
545954,2026-04-11T14:30:00Z,FINISHED,2433,,10340,AVS,5543,Vitória SC,Draw,1,1
545959,2026-04-11T17:00:00Z,FINISHED,2433,,5530,CD Santa Clara,496,Rio Ave FC,Rio Ave FC,0,2
545956,2026-04-11T19:30:00Z,FINISHED,2433,,9136,CF Estrela da Amadora,498,Sporting Clube de Portugal,Sporting Clube de Portugal,0,1
545957,2026-04-12T14:30:00Z,FINISHED,2433,,7822,FC Alverca,6618,Casa Pia AC,FC Alverca,3,1
545952,2026-04-12T17:00:00Z,FINISHED,2433,,5613,Sporting Clube de Braga,712,FC Arouca,Sporting Clube de Braga,1,0
545960,2026-04-12T17:00:00Z,FINISHED,2433,,1903,Sport Lisboa e Benfica,5529,CD Nacional,Sport Lisboa e Benfica,2,0
545955,2026-04-12T19:30:00Z,FINISHED,2433,,582,GD Estoril Praia,503,FC Porto,FC Porto,1,3
545953,2026-04-13T19:15:00Z,FINISHED,2433,,1049,CD Tondela,5533,Gil Vicente FC,Draw,2,2
545961,2026-04-17T19:45:00Z,FINISHED,2433,,496,Rio Ave FC,10340,AVS,Draw,2,2
545963,2026-04-18T14:30:00Z,FINISHED,2433,,5529,CD Nacional,7822,FC Alverca,CD Nacional,1,0
545964,2026-04-18T17:00:00Z,FINISHED,2433,,6618,Casa Pia AC,5530,CD Santa Clara,Draw,0,0
545966,2026-04-18T19:30:00Z,FINISHED,2433,,5533,Gil Vicente FC,5543,Vitória SC,Vitória SC,0,1
545967,2026-04-19T14:30:00Z,FINISHED,2433,,712,FC Arouca,9136,CF Estrela da Amadora,FC Arouca,1,0
545965,2026-04-19T17:15:00Z,FINISHED,2433,,498,Sporting Clube de Portugal,1903,Sport Lisboa e Benfica,Sport Lisboa e Benfica,1,2
545968,2026-04-19T19:30:00Z,FINISHED,2433,,503,FC Porto,1049,CD Tondela,FC Porto,2,0
545969,2026-04-19T19:30:00Z,FINISHED,2433,,5613,Sporting Clube de Braga,5531,FC Famalicão,Draw,2,2
545962,2026-04-20T19:15:00Z,FINISHED,2433,,583,Moreirense FC,582,GD Estoril Praia,Moreirense FC,1,0
545930,2026-04-23T18:00:00Z,FINISHED,2433,,6618,Casa Pia AC,5613,Sporting Clube de Braga,Sporting Clube de Braga,0,1
545976,2026-04-24T19:15:00Z,FINISHED,2433,,7822,FC Alverca,712,FC Arouca,FC Alverca,2,1
545971,2026-04-25T14:30:00Z,FINISHED,2433,,1049,CD Tondela,5529,CD Nacional,CD Nacional,0,2
545977,2026-04-25T17:00:00Z,FINISHED,2433,,1903,Sport Lisboa e Benfica,583,Moreirense FC,Sport Lisboa e Benfica,4,1
545978,2026-04-25T19:30:00Z,FINISHED,2433,,5543,Vitória SC,496,Rio Ave FC,Vitória SC,2,0
545974,2026-04-26T14:30:00Z,FINISHED,2433,,582,GD Estoril Praia,5531,FC Famalicão,FC Famalicão,0,1
545972,2026-04-26T17:00:00Z,FINISHED,2433,,5530,CD Santa Clara,5613,Sporting Clube de Braga,CD Santa Clara,2,1
545975,2026-04-26T17:00:00Z,FINISHED,2433,,9136,CF Estrela da Amadora,503,FC Porto,FC Porto,1,2
545973,2026-04-26T19:30:00Z,FINISHED,2433,,10340,AVS,498,Sporting Clube de Portugal,Draw,1,1
545970,2026-04-27T19:15:00Z,FINISHED,2433,,5533,Gil Vicente FC,6618,Casa Pia AC,Gil Vicente FC,2,1
545933,2026-04-29T19:15:00Z,FINISHED,2433,,498,Sporting Clube de Portugal,1049,CD Tondela,Draw,2,2
545979,2026-05-02T14:30:00Z,FINISHED,2433,,5529,CD Nacional,10340,AVS,AVS,1,2
545980,2026-05-02T14:30:00Z,FINISHED,2433,,583,Moreirense FC,9136,CF Estrela da Amadora,Moreirense FC,3,2
545986,2026-05-02T14:30:00Z,FINISHED,2433,,712,FC Arouca,5530,CD Santa Clara,Draw,2,2
545983,2026-05-02T17:00:00Z,FINISHED,2433,,5531,FC Famalicão,1903,Sport Lisboa e Benfica,Draw,2,2
545981,2026-05-02T19:30:00Z,FINISHED,2433,,503,FC Porto,7822,FC Alverca,FC Porto,1,0
545985,2026-05-03T14:30:00Z,FINISHED,2433,,6618,Casa Pia AC,1049,CD Tondela,CD Tondela,0,1
545987,2026-05-03T17:00:00Z,FINISHED,2433,,5613,Sporting Clube de Braga,582,GD Estoril Praia,Draw,1,1
545982,2026-05-03T19:30:00Z,FINISHED,2433,,496,Rio Ave FC,5533,Gil Vicente FC,Draw,0,0
545984,2026-05-04T19:15:00Z,FINISHED,2433,,498,Sporting Clube de Portugal,5543,Vitória SC,Sporting Clube de Portugal,5,1
545991,2026-05-10T17:00:00Z,FINISHED,2433,,10340,AVS,503,FC Porto,AVS,3,1
545993,2026-05-10T19:30:00Z,FINISHED,2433,,7822,FC Alverca,582,GD Estoril Praia,Draw,1,1
545988,2026-05-11T19:15:00Z,FINISHED,2433,,5543,Vitória SC,6618,Casa Pia AC,Casa Pia AC,0,1
545989,2026-05-11T19:15:00Z,FINISHED,2433,,5533,Gil Vicente FC,712,FC Arouca,FC Arouca,1,3
545990,2026-05-11T19:15:00Z,FINISHED,2433,,1049,CD Tondela,583,Moreirense FC,CD Tondela,2,0
545992,2026-05-11T19:15:00Z,FINISHED,2433,,9136,CF Estrela da Amadora,5531,FC Famalicão,Draw,0,0
545994,2026-05-11T19:15:00Z,FINISHED,2433,,496,Rio Ave FC,498,Sporting Clube de Portugal,Sporting Clube de Portugal,1,4
545995,2026-05-11T19:15:00Z,FINISHED,2433,,5530,CD Santa Clara,5529,CD Nacional,CD Santa Clara,2,0
545996,2026-05-11T19:15:00Z,FINISHED,2433,,1903,Sport Lisboa e Benfica,5613,Sporting Clube de Braga,Draw,2,2
545997,2026-05-16T14:30:00Z,FINISHED,2433,,583,Moreirense FC,10340,AVS,Draw,0,0
546000,2026-05-16T14:30:00Z,FINISHED,2433,,503,FC Porto,5530,CD Santa Clara,FC Porto,1,0
546002,2026-05-16T17:00:00Z,FINISHED,2433,,5529,CD Nacional,5543,Vitória SC,CD Nacional,2,0
546003,2026-05-16T17:00:00Z,FINISHED,2433,,6618,Casa Pia AC,496,Rio Ave FC,Draw,1,1
546004,2026-05-16T17:00:00Z,FINISHED,2433,,712,FC Arouca,1049,CD Tondela,FC Arouca,3,1
546005,2026-05-16T17:00:00Z,FINISHED,2433,,5613,Sporting Clube de Braga,9136,CF Estrela da Amadora,Draw,2,2
545998,2026-05-16T19:30:00Z,FINISHED,2433,,5531,FC Famalicão,7822,FC Alverca,FC Famalicão,1,0
545999,2026-05-16T19:30:00Z,FINISHED,2433,,498,Sporting Clube de Portugal,5533,Gil Vicente FC,Sporting Clube de Portugal,3,0
546001,2026-05-16T19:30:00Z,FINISHED,2433,,582,GD Estoril Praia,1903,Sport Lisboa e Benfica,Sport Lisboa e Benfica,1,3
